date,catalogodatos.gub.uy,dados.gov.br,data.comsode.eu,data.gov.ie,data.gov.ro,data.gov.si,data.gov.sk,data.gov.uk,data.gv.at,datahub.io,energydata.info,hubofdata.ru,odn.opendata.sk,opendata.government.bg,opendata.hu,opendata.praha.eu,www.data.gov.sg,www.europeandataportal.eu,www.govdata.de,www.hri.fi,www.opendataphilly.org,www.publicdata.eu
20130903,-1,-1,-1,-1,-1,-1,15,15,3,-1,-1,-1,-1,-1,-1,-1,-1,-1,-1,-1,-1,-1
20130904,-1,-1,-1,-1,-1,-1,15,15,3,-1,-1,-1,-1,-1,-1,-1,-1,-1,-1,-1,-1,-1
20130905,-1,-1,-1,-1,-1,-1,15,15,3,-1,-1,-1,-1,-1,-1,-1,-1,-1,-1,-1,-1,-1
20130906,-1,-1,-1,-1,-1,-1,15,15,3,-1,-1,-1,-1,-1,-1,-1,-1,-1,-1,-1,-1,-1
20130907,-1,-1,-1,-1,-1,-1,15,15,3,-1,-1,-1,-1,-1,-1,-1,-1,-1,-1,-1,-1,-1
20130910,-1,-1,-1,-1,-1,-1,15,15,3,-1,-1,-1,-1,-1,-1,-1,-1,-1,-1,-1,-1,-1
20130911,-1,-1,-1,-1,-1,-1,15,15,3,-1,-1,-1,-1,-1,-1,-1,-1,-1,-1,-1,-1,-1
20130912,-1,-1,-1,-1,-1,-1,15,15,3,-1,-1,-1,-1,-1,-1,-1,-1,-1,-1,-1,-1,-1
20130913,-1,-1,-1,-1,-1,-1,15,15,3,-1,-1,-1,-1,-1,-1,-1,-1,-1,-1,-1,-1,-1
20130914,-1,-1,-1,-1,-1,-1,15,15,3,-1,-1,-1,-1,-1,-1,-1,-1,-1,-1,-1,-1,-1
20130915,-1,-1,-1,-1,-1,-1,15,15,3,-1,-1,-1,-1,-1,-1,-1,-1,-1,-1,-1,-1,-1
20130916,-1,-1,-1,-1,-1,-1,15,15,3,-1,-1,-1,-1,-1,-1,-1,-1,-1,-1,-1,-1,-1
20130917,-1,-1,-1,-1,-1,-1,15,15,3,-1,-1,-1,-1,-1,-1,-1,-1,-1,-1,-1,-1,-1
20130918,-1,-1,-1,-1,-1,-1,15,15,3,-1,-1,-1,-1,-1,-1,-1,-1,-1,-1,-1,-1,-1
20130919,-1,-1,-1,-1,-1,-1,15,15,3,-1,-1,-1,-1,-1,-1,-1,-1,-1,-1,-1,-1,-1
20130920,-1,-1,-1,-1,-1,-1,15,15,3,-1,-1,-1,-1,-1,-1,-1,-1,-1,-1,-1,-1,-1
20130921,-1,-1,-1,-1,-1,-1,15,15,3,-1,-1,-1,-1,-1,-1,-1,-1,-1,-1,-1,-1,-1
20130922,-1,-1,-1,-1,-1,-1,15,15,3,-1,-1,-1,-1,-1,-1,-1,-1,-1,-1,-1,-1,-1
20130923,-1,-1,-1,-1,-1,-1,15,15,3,-1,-1,-1,-1,-1,-1,-1,-1,-1,-1,-1,-1,-1
20130924,-1,-1,-1,-1,-1,-1,15,15,3,-1,-1,-1,-1,-1,-1,-1,-1,-1,-1,-1,-1,-1
20130925,-1,-1,-1,-1,-1,-1,15,15,3,-1,-1,-1,-1,-1,-1,-1,-1,-1,-1,-1,-1,-1
20130926,-1,-1,-1,-1,-1,-1,15,15,3,-1,-1,-1,-1,-1,-1,-1,-1,-1,-1,-1,-1,-1
20130927,-1,-1,-1,-1,-1,-1,15,15,3,-1,-1,-1,-1,-1,-1,-1,-1,-1,-1,-1,-1,-1
20130928,-1,-1,-1,-1,-1,-1,15,15,3,-1,-1,-1,-1,-1,-1,-1,-1,-1,-1,-1,-1,-1
20130929,-1,-1,-1,-1,-1,-1,15,15,3,-1,-1,-1,-1,-1,-1,-1,-1,-1,-1,-1,-1,-1
20130930,-1,-1,-1,-1,-1,-1,15,15,3,-1,-1,-1,-1,-1,-1,-1,-1,-1,-1,-1,-1,-1
20131001,-1,-1,-1,-1,-1,-1,15,15,3,-1,-1,-1,-1,-1,-1,-1,-1,-1,-1,-1,-1,-1
20131002,-1,-1,-1,-1,-1,-1,15,15,3,-1,-1,-1,-1,-1,-1,-1,-1,-1,-1,-1,-1,-1
20131003,-1,-1,-1,-1,-1,-1,15,15,3,-1,-1,-1,-1,-1,-1,-1,-1,-1,-1,-1,-1,-1
20131004,-1,-1,-1,-1,-1,-1,15,15,3,-1,-1,-1,-1,-1,-1,-1,-1,-1,-1,-1,-1,-1
20131005,-1,-1,-1,-1,-1,-1,15,15,3,-1,-1,-1,-1,-1,-1,-1,-1,-1,-1,-1,-1,-1
20131006,-1,-1,-1,-1,-1,-1,15,15,3,-1,-1,-1,-1,-1,-1,-1,-1,-1,-1,-1,-1,-1
20131007,-1,-1,-1,-1,-1,-1,15,15,3,-1,-1,-1,-1,-1,-1,-1,-1,-1,-1,-1,-1,-1
20131008,-1,-1,-1,-1,-1,-1,15,15,3,-1,-1,-1,-1,-1,-1,-1,-1,-1,-1,-1,-1,-1
20131009,-1,-1,-1,-1,-1,-1,15,15,3,-1,-1,-1,-1,-1,-1,-1,-1,-1,-1,-1,-1,-1
20131010,-1,-1,-1,-1,-1,-1,15,15,3,-1,-1,-1,-1,-1,-1,-1,-1,-1,-1,-1,-1,-1
20131011,-1,-1,-1,-1,-1,-1,15,15,3,-1,-1,-1,-1,-1,-1,-1,-1,-1,-1,-1,-1,-1
20131012,-1,-1,-1,-1,-1,-1,15,15,3,-1,-1,-1,-1,-1,-1,-1,-1,-1,-1,-1,-1,-1
20131013,-1,-1,-1,-1,-1,-1,15,15,3,-1,-1,-1,-1,-1,-1,-1,-1,-1,-1,-1,-1,-1
20131014,-1,-1,-1,-1,-1,-1,15,15,3,-1,-1,-1,-1,-1,-1,-1,-1,-1,-1,-1,-1,-1
20131015,-1,-1,-1,-1,-1,-1,15,15,3,-1,-1,-1,-1,-1,-1,-1,-1,-1,-1,-1,-1,-1
20131016,-1,-1,-1,-1,-1,-1,15,15,3,-1,-1,-1,-1,-1,-1,-1,-1,-1,-1,-1,-1,-1
20131017,-1,-1,-1,-1,-1,-1,15,15,3,-1,-1,-1,-1,-1,-1,-1,-1,-1,-1,-1,-1,-1
20131018,-1,-1,-1,-1,-1,-1,15,15,3,-1,-1,-1,-1,-1,-1,-1,-1,-1,-1,-1,-1,-1
20131019,-1,-1,-1,-1,-1,-1,15,15,3,-1,-1,-1,-1,-1,-1,-1,-1,-1,-1,-1,-1,-1
20131020,-1,-1,-1,-1,-1,-1,15,15,3,-1,-1,-1,-1,-1,-1,-1,-1,-1,-1,-1,-1,-1
20131021,-1,-1,-1,-1,-1,-1,15,15,3,-1,-1,-1,-1,-1,-1,-1,-1,-1,-1,-1,-1,-1
20131022,-1,-1,-1,-1,-1,-1,15,15,3,-1,-1,-1,-1,-1,-1,-1,-1,-1,-1,-1,-1,-1
20131023,-1,-1,-1,-1,-1,-1,15,15,3,-1,-1,-1,-1,-1,-1,-1,-1,-1,-1,-1,-1,-1
20131024,-1,-1,-1,-1,-1,-1,15,15,3,-1,-1,-1,-1,-1,-1,-1,-1,-1,-1,-1,-1,-1
20131025,-1,-1,-1,-1,-1,-1,15,15,3,-1,-1,-1,-1,-1,-1,-1,-1,-1,-1,-1,-1,-1
20131028,-1,-1,-1,-1,-1,-1,15,15,3,-1,-1,-1,-1,-1,-1,-1,-1,-1,-1,-1,-1,-1
20131029,-1,-1,-1,-1,-1,-1,15,15,3,-1,-1,-1,-1,-1,-1,-1,-1,-1,-1,-1,-1,-1
20131030,-1,-1,-1,-1,-1,-1,15,15,3,-1,-1,-1,-1,-1,-1,-1,-1,-1,-1,-1,-1,-1
20131031,-1,-1,-1,-1,-1,-1,15,15,3,-1,-1,-1,-1,-1,-1,-1,-1,-1,-1,-1,-1,-1
20131101,-1,-1,-1,-1,-1,-1,15,15,3,-1,-1,-1,-1,-1,-1,-1,-1,-1,-1,-1,-1,-1
20131102,-1,-1,-1,-1,-1,-1,15,15,3,-1,-1,-1,-1,-1,-1,-1,-1,-1,-1,-1,-1,-1
20131103,-1,-1,-1,-1,-1,-1,15,15,3,-1,-1,-1,-1,-1,-1,-1,-1,-1,-1,-1,-1,-1
20131104,-1,-1,-1,-1,-1,-1,15,15,3,-1,-1,-1,-1,-1,-1,-1,-1,-1,-1,-1,-1,-1
20131105,-1,-1,-1,-1,-1,-1,15,15,3,-1,-1,-1,-1,-1,-1,-1,-1,-1,-1,-1,-1,-1
20131106,-1,-1,-1,-1,-1,-1,15,15,3,-1,-1,-1,-1,-1,-1,-1,-1,-1,-1,-1,-1,-1
20131107,-1,-1,-1,-1,-1,-1,15,15,3,-1,-1,-1,-1,-1,-1,-1,-1,-1,-1,-1,-1,-1
20131108,-1,-1,-1,-1,-1,-1,15,15,3,-1,-1,-1,-1,-1,-1,-1,-1,-1,-1,-1,-1,-1
20131109,-1,-1,-1,-1,-1,-1,15,15,3,-1,-1,-1,-1,-1,-1,-1,-1,-1,-1,-1,-1,-1
20131110,-1,-1,-1,-1,-1,-1,15,15,3,-1,-1,-1,-1,-1,-1,-1,-1,-1,-1,-1,-1,-1
20131111,-1,-1,-1,-1,-1,-1,15,15,3,-1,-1,-1,-1,-1,-1,-1,-1,-1,-1,-1,-1,-1
20131112,-1,-1,-1,-1,-1,-1,15,15,3,-1,-1,-1,-1,-1,-1,-1,-1,-1,-1,-1,-1,-1
20131113,-1,-1,-1,-1,-1,-1,15,15,3,-1,-1,-1,-1,-1,-1,-1,-1,-1,-1,-1,-1,-1
20131114,-1,-1,-1,-1,-1,-1,15,15,3,-1,-1,-1,-1,-1,-1,-1,-1,-1,-1,-1,-1,-1
20131115,-1,-1,-1,-1,-1,-1,15,15,3,-1,-1,-1,-1,-1,-1,-1,-1,-1,-1,-1,-1,-1
20131116,-1,-1,-1,-1,-1,-1,15,15,3,-1,-1,-1,-1,-1,-1,-1,-1,-1,-1,-1,-1,-1
20131117,-1,-1,-1,-1,-1,-1,15,15,3,-1,-1,-1,-1,-1,-1,-1,-1,-1,-1,-1,-1,-1
20131118,-1,-1,-1,-1,-1,-1,15,15,3,-1,-1,-1,-1,-1,-1,-1,-1,-1,-1,-1,-1,-1
20131119,-1,-1,-1,-1,-1,-1,15,15,3,-1,-1,-1,-1,-1,-1,-1,-1,-1,-1,-1,-1,-1
20131120,-1,-1,-1,-1,-1,-1,15,15,3,-1,-1,-1,-1,-1,-1,-1,-1,-1,-1,-1,-1,-1
20131121,-1,-1,-1,-1,-1,-1,15,15,3,-1,-1,-1,-1,-1,-1,-1,-1,-1,-1,-1,-1,-1
20131122,-1,-1,-1,-1,-1,-1,15,15,3,-1,-1,-1,-1,-1,-1,-1,-1,-1,-1,-1,-1,-1
20131123,-1,-1,-1,-1,-1,-1,15,15,3,-1,-1,-1,-1,-1,-1,-1,-1,-1,-1,-1,-1,-1
20131124,-1,-1,-1,-1,-1,-1,15,15,3,-1,-1,-1,-1,-1,-1,-1,-1,-1,-1,-1,-1,-1
20131126,-1,-1,-1,-1,-1,-1,15,15,3,-1,-1,-1,-1,-1,-1,-1,-1,-1,-1,-1,-1,-1
20131127,-1,-1,-1,-1,-1,-1,15,15,3,-1,-1,-1,-1,-1,-1,-1,-1,-1,-1,-1,-1,-1
20131128,-1,-1,-1,-1,-1,-1,15,15,3,-1,-1,-1,-1,-1,-1,-1,-1,-1,-1,-1,-1,-1
20131129,-1,-1,-1,-1,-1,-1,15,15,3,-1,-1,-1,-1,-1,-1,-1,-1,-1,-1,-1,-1,-1
20131130,-1,-1,-1,-1,-1,-1,15,15,3,-1,-1,-1,-1,-1,-1,-1,-1,-1,-1,-1,-1,-1
20131201,-1,-1,-1,-1,-1,-1,15,15,3,-1,-1,-1,-1,-1,-1,-1,-1,-1,-1,-1,-1,-1
20131202,-1,-1,-1,-1,-1,-1,15,15,3,-1,-1,-1,-1,-1,-1,-1,-1,-1,-1,-1,-1,-1
20131203,-1,-1,-1,-1,-1,-1,15,15,3,-1,-1,-1,-1,-1,-1,-1,-1,-1,-1,-1,-1,-1
20131204,-1,-1,-1,-1,-1,-1,15,15,3,-1,-1,-1,-1,-1,-1,-1,-1,-1,-1,-1,-1,-1
20131205,-1,-1,-1,-1,-1,-1,15,15,3,-1,-1,-1,-1,-1,-1,-1,-1,-1,-1,-1,-1,-1
20131206,-1,-1,-1,-1,-1,-1,15,15,3,-1,-1,-1,-1,-1,-1,-1,-1,-1,-1,-1,-1,-1
20131208,-1,-1,-1,-1,-1,-1,15,15,3,-1,-1,-1,-1,-1,-1,-1,-1,-1,-1,-1,-1,-1
20131209,-1,-1,-1,-1,-1,-1,15,15,3,-1,-1,-1,-1,-1,-1,-1,-1,-1,-1,-1,-1,-1
20131210,-1,-1,-1,-1,-1,-1,15,15,3,-1,-1,-1,-1,-1,-1,-1,-1,-1,-1,-1,-1,-1
20131211,-1,-1,-1,-1,-1,-1,15,15,3,-1,-1,-1,-1,-1,-1,-1,-1,-1,-1,-1,-1,-1
20131212,-1,-1,-1,-1,-1,-1,15,15,3,-1,-1,-1,-1,-1,-1,-1,-1,-1,-1,-1,-1,-1
20131213,-1,-1,-1,-1,-1,-1,15,15,3,-1,-1,-1,-1,-1,-1,-1,-1,-1,-1,-1,-1,-1
20131214,-1,-1,-1,-1,-1,-1,15,15,3,-1,-1,-1,-1,-1,-1,-1,-1,-1,-1,-1,-1,-1
20131215,-1,-1,-1,-1,-1,-1,15,15,3,-1,-1,-1,-1,-1,-1,-1,-1,-1,-1,-1,-1,-1
20131216,-1,-1,-1,-1,-1,-1,15,15,3,-1,-1,-1,-1,-1,-1,-1,-1,-1,-1,-1,-1,-1
20131217,-1,-1,-1,-1,-1,-1,15,15,3,-1,-1,-1,-1,-1,-1,-1,-1,-1,-1,-1,-1,-1
20131218,-1,-1,-1,-1,-1,-1,15,15,3,-1,-1,-1,-1,-1,-1,-1,-1,-1,-1,-1,-1,-1
20131219,-1,-1,-1,-1,-1,-1,15,15,3,-1,-1,-1,-1,-1,-1,-1,-1,-1,-1,-1,-1,-1
20131220,-1,-1,-1,-1,-1,-1,15,15,3,-1,-1,-1,-1,-1,-1,-1,-1,-1,-1,-1,-1,-1
20131222,-1,-1,-1,-1,-1,-1,15,15,3,-1,-1,-1,-1,-1,-1,-1,-1,-1,-1,-1,-1,-1
20131223,-1,-1,-1,-1,-1,-1,15,15,3,-1,-1,-1,-1,-1,-1,-1,-1,-1,-1,-1,-1,-1
20131224,-1,-1,-1,-1,-1,-1,15,15,3,-1,-1,-1,-1,-1,-1,-1,-1,-1,-1,-1,-1,-1
20131225,-1,-1,-1,-1,-1,-1,15,15,3,-1,-1,-1,-1,-1,-1,-1,-1,-1,-1,-1,-1,-1
20131226,-1,-1,-1,-1,-1,-1,15,15,3,-1,-1,-1,-1,-1,-1,-1,-1,-1,-1,-1,-1,-1
20131227,-1,-1,-1,-1,-1,-1,15,15,3,-1,-1,-1,-1,-1,-1,-1,-1,-1,-1,-1,-1,-1
20131228,-1,-1,-1,-1,-1,-1,15,15,3,-1,-1,-1,-1,-1,-1,-1,-1,-1,-1,-1,-1,-1
20131229,-1,-1,-1,-1,-1,-1,15,15,3,-1,-1,-1,-1,-1,-1,-1,-1,-1,-1,-1,-1,-1
20131230,-1,-1,-1,-1,-1,-1,15,15,3,-1,-1,-1,-1,-1,-1,-1,-1,-1,-1,-1,-1,-1
20131231,-1,-1,-1,-1,-1,-1,15,15,3,-1,-1,-1,-1,-1,-1,-1,-1,-1,-1,-1,-1,-1
20140101,-1,-1,-1,-1,-1,-1,15,15,3,-1,-1,-1,-1,-1,-1,-1,-1,-1,-1,-1,-1,-1
20140102,-1,-1,-1,-1,-1,-1,15,15,3,-1,-1,-1,-1,-1,-1,-1,-1,-1,-1,-1,-1,-1
20140103,-1,-1,-1,-1,-1,-1,15,15,3,-1,-1,-1,-1,-1,-1,-1,-1,-1,-1,-1,-1,-1
20140104,-1,-1,-1,-1,-1,-1,15,15,3,-1,-1,-1,-1,-1,-1,-1,-1,-1,-1,-1,-1,-1
20140105,-1,-1,-1,-1,-1,-1,15,15,3,-1,-1,-1,-1,-1,-1,-1,-1,-1,-1,-1,-1,-1
20140106,-1,-1,-1,-1,-1,-1,15,15,3,-1,-1,-1,-1,-1,-1,-1,-1,-1,-1,-1,-1,-1
20140107,-1,-1,-1,-1,-1,-1,15,15,3,-1,-1,-1,-1,-1,-1,-1,-1,-1,-1,-1,-1,-1
20140109,-1,-1,-1,-1,-1,-1,15,15,3,-1,-1,-1,-1,-1,-1,-1,-1,-1,-1,-1,-1,-1
20140110,-1,-1,-1,-1,-1,-1,15,15,3,-1,-1,-1,-1,-1,-1,-1,-1,-1,-1,-1,-1,-1
20140111,-1,-1,-1,-1,-1,-1,15,15,3,-1,-1,-1,-1,-1,-1,-1,-1,-1,-1,-1,-1,-1
20140112,-1,-1,-1,-1,-1,-1,15,15,3,-1,-1,-1,-1,-1,-1,-1,-1,-1,-1,-1,-1,-1
20140113,-1,-1,-1,-1,-1,-1,15,15,3,-1,-1,-1,-1,-1,-1,-1,-1,-1,-1,-1,-1,-1
20140114,-1,-1,-1,-1,-1,-1,15,15,3,-1,-1,-1,-1,-1,-1,-1,-1,-1,-1,-1,-1,-1
20140115,-1,-1,-1,-1,-1,-1,15,15,3,-1,-1,-1,-1,-1,-1,-1,-1,-1,-1,-1,-1,-1
20140116,-1,-1,-1,-1,-1,-1,15,15,3,-1,-1,-1,-1,-1,-1,-1,-1,-1,-1,-1,-1,-1
20140117,-1,-1,-1,-1,-1,-1,15,15,3,-1,-1,-1,-1,-1,-1,-1,-1,-1,-1,-1,-1,-1
20140118,-1,-1,-1,-1,-1,-1,15,15,3,-1,-1,-1,-1,-1,-1,-1,-1,-1,-1,-1,-1,-1
20140119,-1,-1,-1,-1,-1,-1,15,15,3,-1,-1,-1,-1,-1,-1,-1,-1,-1,-1,-1,-1,-1
20140120,-1,-1,-1,-1,-1,-1,15,15,3,-1,-1,-1,-1,-1,-1,-1,-1,-1,-1,-1,-1,-1
20140121,-1,-1,-1,-1,-1,-1,15,15,3,-1,-1,-1,-1,-1,-1,-1,-1,-1,-1,-1,-1,-1
20140122,-1,-1,-1,-1,-1,-1,15,15,3,-1,-1,-1,-1,-1,-1,-1,-1,-1,-1,-1,-1,-1
20140123,-1,-1,-1,-1,-1,-1,15,15,3,-1,-1,-1,-1,-1,-1,-1,-1,-1,-1,-1,-1,-1
20140124,-1,-1,-1,-1,-1,-1,15,15,3,-1,-1,-1,-1,-1,-1,-1,-1,-1,-1,-1,-1,-1
20140125,-1,-1,-1,-1,-1,-1,15,15,3,-1,-1,-1,-1,-1,-1,-1,-1,-1,-1,-1,-1,-1
20140126,-1,-1,-1,-1,-1,-1,15,15,3,-1,-1,-1,-1,-1,-1,-1,-1,-1,-1,-1,-1,-1
20140127,-1,-1,-1,-1,-1,-1,15,15,3,-1,-1,-1,-1,-1,-1,-1,-1,-1,-1,-1,-1,-1
20140128,-1,-1,-1,-1,-1,-1,15,15,3,-1,-1,-1,-1,-1,-1,-1,-1,-1,-1,-1,-1,-1
20140129,-1,-1,-1,-1,-1,-1,15,15,3,-1,-1,-1,-1,-1,-1,-1,-1,-1,-1,-1,-1,-1
20140130,-1,-1,-1,-1,-1,-1,15,15,3,-1,-1,-1,-1,-1,-1,-1,-1,-1,-1,-1,-1,-1
20140131,-1,-1,-1,-1,-1,-1,15,15,3,-1,-1,-1,-1,-1,-1,-1,-1,-1,-1,-1,-1,-1
20140201,-1,-1,-1,-1,-1,-1,15,15,3,-1,-1,-1,-1,-1,-1,-1,-1,-1,-1,-1,-1,-1
20140202,-1,-1,-1,-1,-1,-1,15,15,3,-1,-1,-1,-1,-1,-1,-1,-1,-1,-1,-1,-1,-1
20140203,-1,-1,-1,-1,-1,-1,15,15,3,-1,-1,-1,-1,-1,-1,-1,-1,-1,-1,-1,-1,-1
20140204,-1,-1,-1,-1,-1,-1,15,15,3,-1,-1,-1,-1,-1,-1,-1,-1,-1,-1,-1,-1,-1
20140205,-1,-1,-1,-1,-1,-1,15,15,3,-1,-1,-1,-1,-1,-1,-1,-1,-1,-1,-1,-1,-1
20140206,-1,-1,-1,-1,-1,-1,15,15,3,-1,-1,-1,-1,-1,-1,-1,-1,-1,-1,-1,-1,-1
20140207,-1,-1,-1,-1,-1,-1,15,15,3,-1,-1,-1,-1,-1,-1,-1,-1,-1,-1,-1,-1,-1
20140208,-1,-1,-1,-1,-1,-1,15,15,3,-1,-1,-1,-1,-1,-1,-1,-1,-1,-1,-1,-1,-1
20140209,-1,-1,-1,-1,-1,-1,15,15,3,-1,-1,-1,-1,-1,-1,-1,-1,-1,-1,-1,-1,-1
20140210,-1,-1,-1,-1,-1,-1,15,15,3,-1,-1,-1,-1,-1,-1,-1,-1,-1,-1,-1,-1,-1
20140211,-1,-1,-1,-1,-1,-1,15,15,3,-1,-1,-1,-1,-1,-1,-1,-1,-1,-1,-1,-1,-1
20140212,-1,-1,-1,-1,-1,-1,15,15,3,-1,-1,-1,-1,-1,-1,-1,-1,-1,-1,-1,-1,-1
20140213,4,15,-1,-1,-1,-1,15,15,3,-1,-1,15,-1,-1,-1,-1,-1,-1,36,-1,-1,15
20140214,4,15,-1,-1,-1,-1,15,15,3,-1,-1,15,-1,-1,-1,-1,-1,-1,36,-1,-1,15
20140215,4,15,-1,-1,-1,-1,15,15,3,-1,-1,15,-1,-1,-1,-1,-1,-1,36,-1,-1,15
20140216,4,15,-1,-1,-1,-1,15,15,3,-1,-1,15,-1,-1,-1,-1,-1,-1,36,-1,-1,15
20140218,4,15,-1,-1,-1,-1,15,15,3,-1,-1,15,-1,-1,-1,-1,-1,-1,36,-1,-1,15
20140219,4,15,-1,-1,-1,-1,15,15,3,-1,-1,15,-1,-1,-1,-1,-1,-1,36,-1,-1,15
20140220,4,15,-1,-1,-1,-1,15,15,3,-1,-1,15,-1,-1,-1,-1,-1,-1,36,-1,-1,15
20140221,4,15,-1,-1,-1,-1,15,15,3,-1,-1,15,-1,-1,-1,-1,-1,-1,36,-1,-1,15
20140222,4,15,-1,-1,-1,-1,15,15,3,-1,-1,15,-1,-1,-1,-1,-1,-1,36,-1,-1,15
20140223,4,15,-1,-1,-1,-1,15,15,3,-1,-1,15,-1,-1,-1,-1,-1,-1,36,-1,-1,15
20140224,4,15,-1,-1,-1,-1,15,15,3,-1,-1,15,-1,-1,-1,-1,-1,-1,36,-1,-1,15
20140225,4,15,-1,-1,-1,-1,15,15,3,-1,-1,15,-1,-1,-1,-1,-1,-1,36,-1,-1,15
20140226,4,15,-1,-1,-1,-1,15,15,3,-1,-1,15,-1,-1,-1,-1,-1,-1,36,-1,-1,15
20140227,4,15,-1,-1,-1,-1,15,15,3,-1,-1,15,-1,-1,-1,-1,-1,-1,36,-1,-1,15
20140228,4,15,-1,-1,-1,-1,15,15,3,-1,-1,15,-1,-1,-1,-1,-1,-1,36,-1,-1,15
20140301,4,15,-1,-1,-1,-1,15,15,3,-1,-1,15,-1,-1,-1,-1,-1,-1,36,-1,-1,15
20140304,4,15,-1,-1,-1,-1,15,15,3,-1,-1,15,-1,-1,-1,-1,-1,-1,36,-1,-1,15
20140305,4,15,-1,-1,-1,-1,15,15,3,-1,-1,15,-1,-1,-1,-1,-1,-1,36,-1,-1,15
20140306,4,15,-1,-1,-1,-1,15,15,3,-1,-1,15,-1,-1,-1,-1,-1,-1,36,-1,-1,15
20140307,4,15,-1,-1,-1,-1,15,15,3,-1,-1,15,-1,-1,-1,-1,-1,-1,36,-1,-1,15
20140308,4,15,-1,-1,-1,-1,15,15,3,-1,-1,15,-1,-1,-1,-1,-1,-1,36,-1,-1,15
20140309,4,15,-1,-1,-1,-1,15,15,3,-1,-1,15,-1,-1,-1,-1,-1,-1,36,-1,-1,15
20140310,4,15,-1,-1,-1,-1,15,15,3,-1,-1,15,-1,-1,-1,-1,-1,-1,36,-1,-1,15
20140311,4,15,-1,-1,-1,-1,15,15,3,-1,-1,15,-1,-1,-1,-1,-1,-1,36,-1,-1,15
20140312,4,15,-1,-1,-1,-1,15,15,3,-1,-1,15,-1,-1,-1,-1,-1,-1,36,-1,-1,15
20140313,4,15,-1,-1,-1,-1,15,15,3,-1,-1,15,-1,-1,-1,-1,-1,-1,36,-1,-1,15
20140314,4,15,-1,-1,-1,-1,15,15,3,-1,-1,15,-1,-1,-1,-1,-1,-1,36,-1,-1,15
20140315,4,15,-1,-1,-1,-1,15,15,3,-1,-1,15,-1,-1,-1,-1,-1,-1,36,-1,-1,15
20140316,4,15,-1,-1,-1,-1,15,15,3,-1,-1,15,-1,-1,-1,-1,-1,-1,36,-1,-1,15
20140317,4,15,-1,-1,-1,-1,15,15,3,-1,-1,15,-1,-1,-1,-1,-1,-1,36,-1,-1,15
20140318,4,15,-1,-1,-1,-1,15,15,3,-1,-1,15,-1,-1,-1,-1,-1,-1,36,-1,-1,15
20140319,4,15,-1,-1,-1,-1,15,15,3,-1,-1,15,-1,-1,-1,-1,-1,-1,36,-1,-1,15
20140320,4,15,-1,-1,-1,-1,15,15,3,-1,-1,15,-1,-1,-1,-1,-1,-1,36,-1,-1,15
20140321,4,15,-1,-1,-1,-1,15,15,3,-1,-1,15,-1,-1,-1,-1,-1,-1,36,-1,-1,15
20140322,4,15,-1,-1,-1,-1,15,15,3,-1,-1,15,-1,-1,-1,-1,-1,-1,36,-1,-1,15
20140323,4,15,-1,-1,-1,-1,15,15,3,-1,-1,15,-1,-1,-1,-1,-1,-1,36,-1,-1,15
20140324,4,15,-1,-1,-1,-1,15,15,3,-1,-1,15,-1,-1,-1,-1,-1,-1,36,-1,-1,15
20140325,4,15,-1,-1,-1,-1,15,15,3,-1,-1,15,-1,-1,-1,-1,-1,-1,36,-1,-1,15
20140326,4,15,-1,-1,-1,-1,15,15,3,-1,-1,15,-1,-1,-1,-1,-1,-1,36,-1,-1,15
20140327,4,15,-1,-1,-1,-1,15,15,3,-1,-1,15,-1,-1,-1,-1,-1,-1,36,-1,-1,15
20140328,4,15,-1,-1,-1,-1,15,15,3,-1,-1,15,-1,-1,-1,-1,-1,-1,36,-1,-1,15
20140329,4,15,-1,-1,-1,-1,15,15,3,-1,-1,15,-1,-1,-1,-1,-1,-1,36,-1,-1,15
20140331,4,15,-1,-1,-1,-1,15,15,3,-1,-1,15,-1,-1,-1,-1,-1,-1,36,-1,-1,15
20140401,4,15,-1,-1,-1,-1,15,15,3,-1,-1,15,-1,-1,-1,-1,-1,-1,36,-1,-1,15
20140402,4,15,-1,-1,-1,-1,15,15,3,-1,-1,15,-1,-1,-1,-1,-1,-1,36,-1,-1,15
20140405,4,15,-1,-1,-1,-1,15,15,3,-1,-1,15,-1,-1,-1,-1,-1,-1,36,-1,-1,15
20140407,4,15,-1,-1,-1,-1,15,15,3,-1,-1,15,-1,-1,-1,-1,-1,-1,36,-1,-1,15
20140408,4,15,-1,-1,-1,-1,15,15,3,-1,-1,15,-1,-1,-1,-1,-1,-1,36,-1,-1,15
20140409,4,15,-1,-1,-1,-1,15,15,3,-1,-1,15,-1,-1,-1,-1,-1,-1,36,-1,-1,15
20140410,4,15,-1,-1,-1,-1,15,15,3,-1,-1,15,-1,-1,-1,-1,-1,-1,36,-1,-1,15
20140411,4,15,-1,-1,-1,-1,15,15,3,-1,-1,15,-1,-1,-1,-1,-1,-1,36,-1,-1,15
20140412,4,15,-1,-1,-1,-1,15,15,3,-1,-1,15,-1,-1,-1,-1,-1,-1,36,-1,-1,15
20140414,4,15,-1,-1,-1,-1,15,15,3,-1,-1,15,-1,-1,-1,-1,-1,-1,36,-1,-1,15
20140415,4,15,-1,-1,-1,-1,15,15,3,-1,-1,15,-1,-1,-1,-1,-1,-1,36,-1,-1,15
20140416,4,15,-1,-1,-1,-1,15,15,3,-1,-1,15,-1,-1,-1,-1,-1,-1,36,-1,-1,15
20140417,4,15,-1,-1,-1,-1,15,15,3,-1,-1,15,-1,-1,-1,-1,-1,-1,36,-1,-1,15
20140418,4,15,-1,-1,-1,-1,15,15,3,-1,-1,15,-1,-1,-1,-1,-1,-1,36,-1,-1,15
20140419,4,15,-1,-1,-1,-1,15,15,3,-1,-1,15,-1,-1,-1,-1,-1,-1,36,-1,-1,15
20140420,4,15,-1,-1,-1,-1,15,15,3,-1,-1,15,-1,-1,-1,-1,-1,-1,36,-1,-1,15
20140421,4,15,-1,-1,-1,-1,15,15,3,-1,-1,15,-1,-1,-1,-1,-1,-1,36,-1,-1,15
20140422,4,15,-1,-1,-1,-1,15,15,3,-1,-1,15,-1,-1,-1,-1,-1,-1,36,-1,-1,15
20140423,4,15,-1,-1,-1,-1,15,15,3,-1,-1,15,-1,-1,-1,-1,-1,-1,36,-1,-1,15
20140424,4,15,-1,-1,-1,-1,15,15,3,-1,-1,15,-1,-1,-1,-1,-1,-1,36,-1,-1,15
20140426,4,15,-1,-1,-1,-1,15,15,3,-1,-1,15,-1,-1,-1,-1,-1,-1,36,-1,-1,15
20140427,4,15,-1,-1,-1,-1,15,15,3,-1,-1,15,-1,-1,-1,-1,-1,-1,36,-1,-1,15
20140428,4,15,-1,-1,-1,-1,15,15,3,-1,-1,15,-1,-1,-1,-1,-1,-1,36,-1,-1,15
20140429,4,15,-1,-1,-1,-1,15,15,3,-1,-1,15,-1,-1,-1,-1,-1,-1,36,-1,-1,15
20140430,4,15,-1,-1,-1,-1,15,15,3,-1,-1,15,-1,-1,-1,-1,-1,-1,36,-1,-1,15
20140501,4,15,-1,-1,-1,-1,15,15,3,-1,-1,15,-1,-1,-1,-1,-1,-1,36,-1,-1,15
20140502,4,15,-1,-1,-1,-1,15,15,3,-1,-1,15,-1,-1,-1,-1,-1,-1,36,-1,-1,15
20140503,4,15,-1,-1,-1,-1,15,15,3,-1,-1,15,-1,-1,-1,-1,-1,-1,36,-1,-1,15
20140504,4,15,-1,-1,-1,-1,15,15,3,-1,-1,15,-1,-1,-1,-1,-1,-1,36,-1,-1,15
20140505,4,15,-1,-1,-1,-1,15,15,3,-1,-1,15,-1,-1,-1,-1,-1,-1,36,-1,-1,15
20140506,4,15,-1,-1,-1,-1,15,15,3,-1,-1,15,-1,-1,-1,-1,-1,-1,36,-1,-1,15
20140507,4,15,-1,-1,-1,-1,15,15,3,-1,-1,15,-1,-1,-1,-1,-1,-1,36,-1,-1,15
20140509,4,15,-1,-1,-1,-1,15,15,3,-1,-1,15,-1,-1,-1,-1,-1,-1,36,-1,-1,15
20140510,4,15,-1,-1,-1,-1,15,15,3,-1,-1,15,-1,-1,-1,-1,-1,-1,36,-1,-1,15
20140513,4,15,-1,-1,-1,-1,15,15,3,-1,-1,15,-1,-1,-1,-1,-1,-1,36,-1,-1,15
20140514,4,15,-1,-1,-1,-1,15,15,3,-1,-1,15,-1,-1,-1,-1,-1,-1,36,-1,-1,15
20140515,4,15,-1,-1,-1,-1,15,15,3,-1,-1,15,-1,-1,-1,-1,-1,-1,36,-1,-1,15
20140517,4,15,-1,-1,-1,-1,15,15,3,-1,-1,15,-1,-1,-1,-1,-1,-1,36,-1,-1,15
20140518,4,15,-1,-1,-1,-1,15,15,3,-1,-1,15,-1,-1,-1,-1,-1,-1,36,-1,-1,15
20140520,4,15,-1,-1,-1,-1,15,15,3,-1,-1,15,-1,-1,-1,-1,-1,-1,36,-1,-1,15
20140521,4,15,-1,-1,-1,-1,15,15,3,-1,-1,15,-1,-1,-1,-1,-1,-1,36,-1,-1,15
20140522,4,15,-1,-1,-1,-1,15,15,3,-1,-1,15,-1,-1,-1,-1,-1,-1,36,-1,-1,15
20140523,4,15,-1,-1,-1,-1,15,15,3,-1,-1,15,-1,-1,-1,-1,-1,-1,36,-1,-1,15
20140524,4,15,-1,-1,-1,-1,15,15,3,-1,-1,15,-1,-1,-1,-1,-1,-1,36,-1,-1,15
20140525,4,15,-1,-1,-1,-1,15,15,3,-1,-1,15,-1,-1,-1,-1,-1,-1,36,-1,-1,15
20140526,4,15,-1,-1,-1,-1,15,15,3,-1,-1,15,-1,-1,-1,-1,-1,-1,36,-1,-1,15
20140527,4,15,-1,-1,-1,-1,15,15,3,-1,-1,15,-1,-1,-1,-1,-1,-1,36,-1,-1,15
20140528,4,15,-1,-1,-1,-1,15,15,3,-1,-1,15,-1,-1,-1,-1,-1,-1,36,-1,-1,15
20140529,4,15,-1,-1,-1,-1,15,15,3,-1,-1,15,-1,-1,-1,-1,-1,-1,36,-1,-1,15
20140530,4,15,-1,-1,-1,-1,15,15,3,-1,-1,15,-1,-1,-1,-1,-1,-1,36,-1,-1,15
20140531,4,15,-1,-1,-1,-1,15,15,3,-1,-1,15,-1,-1,-1,-1,-1,-1,36,-1,-1,15
20140601,4,15,-1,-1,-1,-1,15,15,3,-1,-1,15,-1,-1,-1,-1,-1,-1,36,-1,-1,15
20140602,4,15,-1,-1,-1,-1,15,15,3,-1,-1,15,-1,-1,-1,-1,-1,-1,36,-1,-1,15
20140603,4,15,-1,-1,-1,-1,15,15,3,-1,-1,15,-1,-1,-1,-1,-1,-1,36,-1,-1,15
20140604,4,15,-1,-1,-1,-1,15,15,3,-1,-1,15,-1,-1,-1,-1,-1,-1,36,-1,-1,15
20140605,4,15,-1,-1,-1,-1,15,15,3,-1,-1,15,-1,-1,-1,-1,-1,-1,36,-1,-1,15
20140606,4,15,-1,-1,-1,-1,15,15,3,-1,-1,15,-1,-1,-1,-1,-1,-1,36,-1,-1,15
20140607,4,15,-1,-1,-1,-1,15,15,3,-1,-1,15,-1,-1,-1,-1,-1,-1,36,-1,-1,15
20140608,4,15,-1,-1,-1,-1,15,15,3,-1,-1,15,-1,-1,-1,-1,-1,-1,36,-1,-1,15
20140609,4,15,-1,-1,-1,-1,15,15,3,-1,-1,15,-1,-1,-1,-1,-1,-1,36,-1,-1,15
20140610,4,15,-1,-1,-1,-1,15,15,3,-1,-1,15,-1,-1,-1,-1,-1,-1,36,-1,-1,15
20140611,4,15,-1,-1,-1,-1,15,15,3,-1,-1,15,-1,-1,-1,-1,-1,-1,36,-1,-1,15
20140612,4,15,-1,-1,-1,-1,15,15,3,-1,-1,15,-1,-1,-1,-1,-1,-1,36,-1,-1,15
20140613,4,15,-1,-1,-1,-1,15,15,3,-1,-1,15,-1,-1,-1,-1,-1,-1,36,-1,-1,15
20140615,4,15,-1,-1,-1,-1,15,15,3,-1,-1,15,-1,-1,-1,-1,-1,-1,36,-1,-1,15
20140616,4,15,-1,-1,-1,-1,15,15,3,-1,-1,15,-1,-1,-1,-1,-1,-1,36,-1,-1,15
20140617,4,15,-1,-1,-1,-1,15,15,3,-1,-1,15,-1,-1,-1,-1,-1,-1,36,-1,-1,15
20140618,4,15,-1,-1,-1,-1,15,15,3,-1,-1,15,-1,-1,-1,-1,-1,-1,36,-1,-1,15
20140619,4,15,-1,-1,-1,-1,15,15,3,-1,-1,15,-1,-1,-1,-1,-1,-1,36,-1,-1,15
20140624,4,15,-1,-1,-1,-1,15,15,3,-1,-1,15,-1,-1,-1,-1,-1,-1,36,-1,-1,15
20140625,4,15,-1,-1,-1,-1,15,15,3,-1,-1,15,-1,-1,-1,-1,-1,-1,36,-1,-1,15
20140626,4,15,-1,-1,-1,-1,15,15,3,-1,-1,15,-1,-1,-1,-1,-1,-1,36,-1,-1,15
20140627,4,15,-1,-1,-1,-1,15,15,3,-1,-1,15,-1,-1,-1,-1,-1,-1,36,-1,-1,15
20140628,4,15,-1,-1,-1,-1,15,15,3,-1,-1,15,-1,-1,-1,-1,-1,-1,36,-1,-1,15
20140629,4,15,-1,-1,-1,-1,15,15,3,-1,-1,15,-1,-1,-1,-1,-1,-1,36,-1,-1,15
20140630,4,15,-1,-1,-1,-1,15,15,3,-1,-1,15,-1,-1,-1,-1,-1,-1,36,-1,-1,15
20140701,4,15,-1,-1,-1,-1,15,15,3,-1,-1,15,-1,-1,-1,-1,-1,-1,36,-1,-1,15
20140702,4,15,-1,-1,-1,-1,15,15,3,-1,-1,15,-1,-1,-1,-1,-1,-1,36,-1,-1,15
20140703,4,15,-1,-1,-1,-1,15,15,3,-1,-1,15,-1,-1,-1,-1,-1,-1,36,-1,-1,15
20140704,4,15,-1,-1,-1,-1,15,15,3,-1,-1,15,-1,-1,-1,-1,-1,-1,36,-1,-1,15
20140705,4,15,-1,-1,-1,-1,15,15,3,-1,-1,15,-1,-1,-1,-1,-1,-1,36,-1,-1,15
20140706,4,15,-1,-1,-1,-1,15,15,3,-1,-1,15,-1,-1,-1,-1,-1,-1,36,-1,-1,15
20140707,4,15,-1,-1,-1,-1,15,15,3,-1,-1,15,-1,-1,-1,-1,-1,-1,36,-1,-1,15
20140708,4,15,-1,-1,-1,-1,15,15,3,-1,-1,15,-1,-1,-1,-1,-1,-1,38,-1,-1,15
20140709,4,15,-1,-1,-1,-1,15,15,3,-1,-1,15,-1,-1,-1,-1,-1,-1,38,-1,-1,15
20140710,4,15,-1,-1,-1,-1,15,15,3,-1,-1,15,-1,-1,-1,-1,-1,-1,38,-1,-1,15
20140711,4,15,-1,-1,-1,-1,15,15,3,-1,-1,15,-1,-1,-1,-1,-1,-1,38,-1,-1,15
20140714,4,15,-1,-1,-1,-1,15,15,3,15,-1,15,-1,-1,15,-1,-1,-1,38,-1,-1,15
20140715,4,15,-1,-1,-1,-1,15,15,3,15,-1,15,-1,-1,15,-1,-1,-1,38,-1,-1,15
20140716,4,15,-1,-1,-1,-1,15,15,3,15,-1,15,-1,-1,15,-1,-1,-1,38,-1,-1,15
20140717,4,15,-1,-1,-1,-1,15,15,3,15,-1,15,-1,-1,15,-1,-1,-1,38,-1,-1,15
20140718,4,15,-1,-1,-1,-1,15,15,3,15,-1,15,-1,-1,15,-1,-1,-1,38,-1,-1,15
20140719,4,15,-1,-1,-1,-1,15,15,3,15,-1,15,-1,-1,15,-1,-1,-1,38,-1,-1,15
20140720,4,15,-1,-1,-1,-1,15,15,3,15,-1,15,-1,-1,15,-1,-1,-1,38,-1,-1,15
20140721,4,15,-1,-1,-1,-1,15,15,3,15,-1,15,-1,-1,15,-1,-1,-1,38,-1,-1,15
20140722,4,15,-1,-1,-1,-1,15,15,3,15,-1,15,-1,-1,15,-1,-1,-1,38,-1,-1,15
20140723,4,15,-1,-1,-1,-1,15,15,3,15,-1,15,-1,-1,15,-1,-1,-1,38,-1,-1,15
20140724,4,15,-1,-1,-1,-1,15,15,3,15,-1,15,-1,-1,15,-1,-1,-1,38,-1,-1,15
20140725,4,15,-1,-1,-1,-1,15,15,3,15,-1,15,-1,-1,15,-1,-1,-1,38,-1,-1,15
20140726,4,15,-1,-1,-1,-1,15,15,3,15,-1,15,-1,-1,15,-1,-1,-1,38,-1,-1,15
20140727,4,15,-1,-1,-1,-1,15,15,3,15,-1,15,-1,-1,15,-1,-1,-1,38,-1,-1,15
20140728,4,15,-1,-1,-1,-1,15,15,3,15,-1,15,-1,-1,15,-1,-1,-1,38,-1,-1,15
20140729,4,15,-1,-1,-1,-1,15,15,3,15,-1,15,-1,-1,15,-1,-1,-1,38,-1,-1,15
20140730,4,15,-1,-1,-1,-1,15,15,3,15,-1,15,-1,-1,15,-1,-1,-1,38,-1,-1,15
20140731,4,15,-1,-1,-1,-1,15,15,3,15,-1,15,-1,-1,15,-1,-1,-1,38,-1,-1,15
20140801,4,15,-1,-1,-1,-1,15,15,3,15,-1,15,-1,-1,15,-1,-1,-1,38,-1,-1,15
20140802,4,15,-1,-1,-1,-1,15,15,3,15,-1,15,-1,-1,15,-1,-1,-1,38,-1,-1,15
20140803,4,15,-1,-1,-1,-1,15,15,3,15,-1,15,-1,-1,15,-1,-1,-1,38,-1,-1,15
20140804,4,15,-1,-1,-1,-1,15,15,3,15,-1,15,-1,-1,15,-1,-1,-1,38,-1,-1,15
20140806,4,15,-1,-1,-1,-1,15,15,3,15,-1,15,-1,-1,15,-1,-1,-1,37,-1,-1,15
20140807,4,15,-1,-1,-1,-1,15,15,3,15,-1,15,-1,-1,15,-1,-1,-1,37,-1,-1,15
20140808,4,15,-1,-1,-1,-1,15,15,3,15,-1,15,-1,-1,15,-1,-1,-1,37,-1,-1,15
20140809,4,15,-1,-1,-1,-1,15,15,3,15,-1,15,-1,-1,15,-1,-1,-1,37,-1,-1,15
20140810,4,15,-1,-1,-1,-1,15,15,3,15,-1,15,-1,-1,15,-1,-1,-1,37,-1,-1,15
20140811,4,15,-1,-1,-1,-1,15,15,3,15,-1,15,-1,-1,15,-1,-1,-1,37,-1,-1,15
20140812,4,15,-1,-1,-1,-1,15,15,3,15,-1,15,-1,-1,15,-1,-1,-1,37,-1,-1,15
20140813,4,15,-1,-1,-1,-1,15,15,3,15,-1,15,-1,-1,15,-1,-1,-1,37,-1,-1,15
20140814,4,15,-1,-1,-1,-1,15,15,3,15,-1,15,-1,-1,15,-1,-1,-1,37,-1,-1,15
20140815,4,15,-1,-1,-1,-1,15,15,3,15,-1,15,-1,-1,15,-1,-1,-1,37,-1,-1,15
20140816,4,15,-1,-1,-1,-1,15,15,3,15,-1,15,-1,-1,15,-1,-1,-1,37,-1,-1,15
20140817,4,15,-1,-1,-1,-1,15,15,3,15,-1,15,-1,-1,15,-1,-1,-1,37,-1,-1,15
20140818,4,15,-1,-1,-1,-1,15,15,3,15,-1,15,-1,-1,15,-1,-1,-1,37,-1,-1,15
20140819,4,15,-1,-1,-1,-1,15,15,3,15,-1,15,-1,-1,15,-1,-1,-1,37,-1,-1,15
20140820,4,15,-1,-1,-1,-1,15,15,3,15,-1,15,-1,-1,15,-1,-1,-1,37,-1,-1,15
20140821,4,15,-1,-1,-1,-1,15,15,3,15,-1,15,-1,-1,15,-1,-1,-1,37,-1,-1,15
20140822,4,15,-1,-1,-1,-1,15,15,3,15,-1,15,-1,-1,15,-1,-1,-1,37,-1,-1,15
20140823,4,15,-1,-1,-1,-1,15,15,3,15,-1,15,-1,-1,15,-1,-1,-1,37,-1,-1,15
20140824,4,15,-1,-1,-1,-1,15,15,3,15,-1,15,-1,-1,15,-1,-1,-1,37,-1,-1,15
20140825,4,15,-1,-1,-1,-1,15,15,3,15,-1,15,-1,-1,15,-1,-1,-1,37,-1,-1,15
20140827,4,15,-1,-1,-1,-1,15,15,3,15,-1,15,-1,-1,15,-1,-1,-1,37,-1,-1,15
20140828,4,15,-1,-1,-1,-1,15,15,3,15,-1,15,-1,-1,15,-1,-1,-1,37,-1,-1,15
20140829,4,15,-1,-1,-1,-1,15,15,3,15,-1,15,-1,-1,15,-1,-1,-1,37,-1,-1,15
20140830,4,15,-1,-1,-1,-1,15,15,3,15,-1,15,-1,-1,15,-1,-1,-1,37,-1,-1,15
20140831,4,15,-1,-1,-1,-1,15,15,3,15,-1,15,-1,-1,15,-1,-1,-1,37,-1,-1,15
20140903,4,15,-1,-1,-1,-1,15,15,3,15,-1,15,-1,-1,15,-1,-1,-1,37,-1,-1,15
20140904,4,15,-1,-1,-1,-1,15,15,3,15,-1,15,-1,-1,15,-1,-1,-1,37,-1,-1,15
20140905,4,15,-1,-1,-1,-1,15,15,3,15,-1,15,-1,-1,15,-1,-1,-1,37,-1,-1,15
20140906,4,15,-1,-1,-1,-1,15,15,3,15,-1,15,-1,-1,15,-1,-1,-1,37,-1,-1,15
20140907,4,15,-1,-1,-1,-1,15,15,3,15,-1,15,-1,-1,15,-1,-1,-1,37,-1,-1,15
20140909,4,15,-1,-1,-1,-1,15,15,3,15,-1,15,-1,-1,15,-1,-1,-1,37,-1,-1,15
20140910,4,15,-1,-1,-1,-1,15,15,3,15,-1,15,-1,-1,15,-1,-1,-1,37,-1,-1,15
20140911,4,15,-1,-1,-1,-1,15,15,3,15,-1,15,-1,-1,15,-1,-1,-1,37,-1,-1,15
20140912,4,15,-1,-1,-1,-1,15,15,3,15,-1,15,-1,-1,15,-1,-1,-1,37,-1,-1,15
20140913,4,15,-1,-1,-1,-1,15,15,3,15,-1,15,-1,-1,15,-1,-1,-1,37,-1,-1,15
20140914,4,15,-1,-1,-1,-1,15,15,3,15,-1,15,-1,-1,15,-1,-1,-1,37,-1,-1,15
20140916,4,15,-1,-1,-1,-1,15,15,3,15,-1,15,-1,-1,15,-1,-1,-1,37,-1,-1,15
20140917,4,15,-1,-1,-1,-1,15,15,3,15,-1,15,-1,-1,15,-1,-1,-1,37,-1,-1,15
20140918,4,15,-1,-1,-1,-1,15,15,3,15,-1,15,-1,-1,15,-1,-1,-1,37,-1,-1,15
20140919,4,15,-1,-1,-1,-1,15,15,3,15,-1,15,-1,-1,15,-1,-1,-1,37,-1,-1,15
20140920,4,15,-1,-1,-1,-1,15,15,3,15,-1,15,-1,-1,15,-1,-1,-1,37,-1,-1,15
20140921,4,15,-1,-1,-1,-1,15,15,3,15,-1,15,-1,-1,15,-1,-1,-1,37,-1,-1,15
20140924,4,15,-1,-1,-1,-1,15,15,3,15,-1,15,-1,-1,15,-1,-1,-1,37,-1,-1,15
20140925,4,15,-1,-1,-1,-1,15,15,3,15,-1,15,-1,-1,15,-1,-1,-1,37,-1,-1,15
20140926,4,15,-1,-1,-1,-1,15,15,3,15,-1,15,-1,-1,15,-1,-1,-1,37,-1,-1,15
20140927,4,15,-1,-1,-1,-1,15,15,3,15,-1,15,-1,-1,15,-1,-1,-1,37,-1,-1,15
20140928,4,15,-1,-1,-1,-1,15,15,3,15,-1,15,-1,-1,15,-1,-1,-1,37,-1,-1,15
20140929,4,15,-1,-1,-1,-1,15,15,3,15,-1,15,-1,-1,15,-1,-1,-1,37,-1,-1,15
20140930,4,15,-1,-1,-1,-1,15,15,3,15,-1,15,-1,-1,15,-1,-1,-1,37,-1,-1,15
20141001,4,15,-1,-1,-1,-1,15,15,3,15,-1,15,-1,-1,15,-1,-1,-1,37,-1,-1,15
20141002,4,15,-1,-1,-1,-1,15,15,3,15,-1,15,-1,-1,15,-1,-1,-1,37,-1,-1,15
20141003,4,15,-1,-1,-1,-1,15,15,3,15,-1,15,-1,-1,15,-1,-1,-1,37,-1,-1,15
20141004,4,15,-1,-1,-1,-1,15,15,3,15,-1,15,-1,-1,15,-1,-1,-1,37,-1,-1,15
20141005,4,15,-1,-1,-1,-1,15,15,3,15,-1,15,-1,-1,15,-1,-1,-1,37,-1,-1,15
20141006,4,15,-1,-1,-1,-1,15,15,3,15,-1,15,-1,-1,15,-1,-1,-1,37,-1,-1,15
20141007,4,15,-1,-1,-1,-1,15,15,3,15,-1,15,-1,-1,15,-1,-1,-1,37,-1,-1,15
20141008,4,15,-1,-1,-1,-1,15,15,3,15,-1,15,-1,-1,15,-1,-1,-1,37,-1,-1,15
20141009,4,15,-1,-1,-1,-1,15,15,3,15,-1,15,-1,-1,15,-1,-1,-1,37,-1,-1,15
20141010,4,15,-1,-1,-1,-1,15,15,3,15,-1,15,-1,-1,15,-1,-1,-1,37,-1,-1,15
20141011,4,15,-1,-1,-1,-1,15,15,3,15,-1,15,-1,-1,15,-1,-1,-1,37,-1,-1,15
20141012,4,15,-1,-1,-1,-1,15,15,3,15,-1,15,-1,-1,15,-1,-1,-1,37,-1,-1,15
20141013,4,15,-1,-1,-1,-1,15,15,3,15,-1,15,-1,-1,15,-1,-1,-1,37,-1,-1,15
20141014,4,15,-1,-1,-1,-1,15,15,3,15,-1,15,-1,-1,15,-1,-1,-1,37,-1,-1,15
20141015,4,15,-1,-1,-1,-1,15,15,3,15,-1,15,-1,-1,15,-1,-1,-1,37,-1,-1,15
20141016,4,15,-1,-1,-1,-1,15,15,3,15,-1,15,-1,-1,15,-1,-1,-1,37,-1,-1,15
20141017,4,15,-1,-1,-1,-1,15,15,3,15,-1,15,-1,-1,15,-1,-1,-1,37,-1,-1,15
20141018,4,15,-1,-1,-1,-1,15,15,3,15,-1,15,-1,-1,15,-1,-1,-1,37,-1,-1,15
20141019,4,15,-1,-1,-1,-1,15,15,3,15,-1,15,-1,-1,15,-1,-1,-1,37,-1,-1,15
20141020,4,15,-1,-1,-1,-1,15,15,3,15,-1,15,-1,-1,15,-1,-1,-1,37,-1,-1,15
20141022,4,15,-1,-1,-1,-1,15,15,3,15,-1,15,-1,-1,15,-1,-1,-1,37,-1,-1,15
20141023,4,15,-1,-1,-1,-1,15,15,3,15,-1,15,-1,-1,15,-1,-1,-1,37,-1,-1,15
20141024,4,15,-1,-1,-1,-1,15,15,3,15,-1,15,-1,-1,15,-1,-1,-1,37,-1,-1,15
20141025,4,15,-1,-1,-1,-1,15,15,3,15,-1,15,-1,-1,15,-1,-1,-1,37,-1,-1,15
20141027,4,15,-1,-1,-1,-1,15,15,3,15,-1,15,-1,-1,15,-1,-1,-1,37,-1,-1,15
20141028,4,15,-1,-1,-1,-1,15,15,3,15,-1,15,-1,-1,15,-1,-1,-1,37,-1,-1,15
20141029,4,15,-1,-1,-1,-1,15,15,3,15,-1,15,-1,-1,15,-1,-1,-1,37,-1,-1,15
20141030,4,15,-1,-1,-1,-1,15,15,3,15,-1,15,-1,-1,15,-1,-1,-1,37,-1,-1,15
20141031,4,15,-1,-1,-1,-1,15,15,3,15,-1,15,-1,-1,15,-1,-1,-1,37,-1,-1,15
20141101,4,15,-1,-1,-1,-1,15,15,3,15,-1,15,-1,-1,15,-1,-1,-1,37,-1,-1,15
20141102,4,15,-1,-1,-1,-1,15,15,3,15,-1,15,-1,-1,15,-1,-1,-1,37,-1,-1,15
20141104,4,15,-1,-1,-1,-1,15,15,3,15,-1,15,-1,-1,15,-1,-1,-1,37,-1,-1,15
20141105,4,15,-1,-1,-1,-1,15,15,3,15,-1,15,-1,-1,15,-1,-1,-1,37,-1,-1,15
20141106,4,15,-1,-1,-1,-1,15,15,3,15,-1,15,-1,-1,15,-1,-1,-1,37,-1,-1,15
20141107,4,15,-1,-1,-1,-1,15,15,3,15,-1,15,-1,-1,15,-1,-1,-1,37,-1,-1,15
20141108,4,15,-1,-1,-1,-1,15,15,3,15,-1,15,-1,-1,15,-1,-1,-1,37,-1,-1,15
20141109,4,15,-1,-1,-1,-1,15,15,3,15,-1,15,-1,-1,15,-1,-1,-1,37,-1,-1,15
20141110,4,15,-1,-1,-1,-1,15,15,3,15,-1,15,-1,-1,15,-1,-1,-1,37,-1,-1,15
20141111,4,15,-1,-1,-1,-1,15,15,3,15,-1,15,-1,-1,15,-1,-1,-1,37,-1,-1,15
20141112,4,15,-1,-1,-1,-1,15,15,3,15,-1,15,-1,-1,15,-1,-1,-1,37,-1,-1,15
20141113,4,15,-1,-1,-1,-1,15,15,3,15,-1,15,-1,-1,15,-1,-1,-1,37,-1,-1,15
20141114,4,15,-1,-1,-1,-1,15,15,3,15,-1,15,-1,-1,15,-1,-1,-1,37,-1,-1,15
20141115,4,15,-1,-1,-1,-1,15,15,3,15,-1,15,-1,-1,15,-1,-1,-1,37,-1,-1,15
20141116,4,15,-1,-1,-1,-1,15,15,3,15,-1,15,-1,-1,15,-1,-1,-1,37,-1,-1,15
20141117,4,15,-1,-1,-1,-1,15,15,3,15,-1,15,-1,-1,15,-1,-1,-1,37,-1,-1,15
20141118,4,15,-1,-1,-1,-1,15,15,3,15,-1,15,-1,-1,15,-1,-1,-1,37,-1,-1,15
20141119,4,15,-1,-1,-1,-1,15,15,3,15,-1,15,-1,-1,15,-1,-1,-1,37,-1,-1,15
20141120,4,15,-1,-1,-1,-1,15,15,3,15,-1,15,-1,-1,15,-1,-1,-1,37,-1,-1,15
20141121,4,15,15,15,-1,-1,15,15,3,15,-1,15,-1,-1,15,-1,-1,-1,37,-1,-1,15
20141122,4,15,15,15,-1,-1,15,15,3,15,-1,15,-1,-1,15,-1,-1,-1,37,-1,-1,15
20141123,4,15,15,15,-1,-1,15,15,3,15,-1,15,-1,-1,15,-1,-1,-1,37,-1,-1,15
20141124,4,15,15,15,-1,-1,15,15,3,15,-1,15,-1,-1,15,-1,-1,-1,37,-1,-1,15
20141126,4,15,15,15,-1,-1,15,15,3,15,-1,15,-1,-1,15,-1,-1,-1,37,-1,-1,15
20141127,4,15,15,15,-1,-1,15,15,3,15,-1,15,-1,-1,15,-1,-1,-1,37,-1,-1,15
20141130,4,15,15,15,-1,-1,15,15,3,15,-1,15,-1,-1,15,-1,-1,-1,37,-1,-1,15
20141201,4,15,15,15,-1,-1,15,15,3,15,-1,15,-1,-1,15,-1,-1,-1,37,-1,-1,15
20141202,4,15,15,15,-1,-1,15,15,3,15,-1,15,-1,-1,15,-1,-1,-1,37,-1,-1,15
20141203,4,15,15,15,-1,-1,15,15,3,15,-1,15,-1,-1,15,-1,-1,-1,37,-1,-1,15
20141204,4,15,15,15,-1,-1,15,15,3,15,-1,15,-1,-1,15,-1,-1,-1,37,-1,-1,15
20141205,4,15,15,15,-1,-1,15,15,3,15,-1,15,-1,-1,15,-1,-1,-1,37,-1,-1,15
20141206,4,15,15,15,-1,-1,15,15,3,15,-1,15,-1,-1,15,-1,-1,-1,37,-1,-1,15
20141207,4,15,15,15,-1,-1,15,15,3,15,-1,15,-1,-1,15,-1,-1,-1,37,-1,-1,15
20141208,4,15,15,15,-1,-1,15,15,3,15,-1,15,-1,-1,15,-1,-1,-1,37,-1,-1,15
20141209,4,15,15,15,-1,-1,15,15,3,15,-1,15,-1,-1,15,-1,-1,-1,37,-1,-1,15
20141210,4,15,15,15,-1,-1,15,15,3,15,-1,15,-1,-1,15,-1,-1,-1,37,-1,-1,15
20141212,4,15,15,15,-1,-1,15,15,3,15,-1,15,-1,-1,15,-1,-1,-1,37,-1,-1,15
20141213,4,15,15,15,-1,-1,15,15,3,15,-1,15,-1,-1,15,-1,-1,-1,37,-1,-1,15
20141214,4,15,15,15,-1,-1,15,15,3,15,-1,15,-1,-1,15,-1,-1,-1,37,-1,-1,15
20141215,4,15,15,15,-1,-1,15,15,3,15,-1,15,-1,-1,15,-1,-1,-1,37,-1,-1,15
20141217,4,15,15,15,-1,-1,15,15,3,15,-1,15,-1,-1,15,-1,-1,-1,37,-1,-1,15
20141218,4,15,15,15,-1,-1,15,15,3,15,-1,15,-1,-1,15,-1,-1,-1,37,-1,-1,15
20141219,4,15,15,15,-1,-1,15,15,3,15,-1,15,-1,-1,15,-1,-1,-1,37,-1,-1,15
20141222,4,15,15,15,-1,-1,15,15,3,15,-1,15,-1,-1,15,-1,-1,-1,37,-1,-1,15
20141223,4,15,15,15,-1,-1,15,15,3,15,-1,15,-1,-1,15,-1,-1,-1,37,-1,-1,15
20141224,4,15,15,15,-1,-1,15,15,3,15,-1,15,-1,-1,15,-1,-1,-1,37,-1,-1,15
20141225,4,15,15,15,-1,-1,15,15,3,15,-1,15,-1,-1,15,-1,-1,-1,37,-1,-1,15
20141226,4,15,15,15,-1,-1,15,15,3,15,-1,15,-1,-1,15,-1,-1,-1,37,-1,-1,15
20141227,4,15,15,15,-1,-1,15,15,3,15,-1,15,-1,-1,15,-1,-1,-1,37,-1,-1,15
20141228,4,15,15,15,-1,-1,15,15,3,15,-1,15,-1,-1,15,-1,-1,-1,37,-1,-1,15
20141229,4,15,15,15,-1,-1,15,15,3,15,-1,15,-1,-1,15,-1,-1,-1,37,-1,-1,15
20141230,4,15,15,15,-1,-1,15,15,3,15,-1,15,-1,-1,15,-1,-1,-1,37,-1,-1,15
20141231,4,15,15,15,-1,-1,15,15,3,15,-1,15,-1,-1,15,-1,-1,-1,37,-1,-1,15
20150101,4,15,15,15,-1,-1,15,15,3,15,-1,15,-1,-1,15,-1,-1,-1,37,-1,-1,15
20150102,4,15,15,15,-1,-1,15,15,3,15,-1,15,-1,-1,15,-1,-1,-1,37,-1,-1,15
20150103,4,15,15,15,-1,-1,15,15,3,15,-1,15,-1,-1,15,-1,-1,-1,37,-1,-1,15
20150106,4,15,15,15,-1,-1,15,15,3,15,-1,15,-1,-1,15,-1,-1,-1,37,-1,-1,15
20150108,4,15,15,15,-1,-1,15,15,3,15,-1,15,-1,-1,15,-1,-1,-1,37,-1,-1,15
20150112,4,15,15,15,-1,-1,15,15,3,15,-1,15,-1,-1,15,-1,-1,-1,37,-1,-1,15
20150113,4,15,15,15,-1,-1,15,15,3,15,-1,15,-1,-1,15,-1,-1,-1,37,-1,-1,15
20150115,4,15,15,15,-1,-1,15,15,3,15,-1,15,-1,-1,15,-1,-1,-1,37,-1,-1,15
20150129,4,15,15,15,-1,-1,-1,15,3,15,-1,15,-1,-1,15,-1,-1,-1,37,-1,-1,15
20150130,4,15,15,15,-1,-1,-1,15,3,15,-1,15,-1,-1,15,-1,-1,-1,37,-1,-1,15
20150202,4,15,15,15,-1,-1,-1,15,3,15,-1,15,-1,-1,15,-1,-1,-1,37,-1,-1,15
20150203,4,15,15,15,-1,-1,15,15,3,15,-1,15,-1,-1,15,-1,-1,-1,37,-1,-1,15
20150205,4,15,15,15,-1,-1,15,15,3,15,-1,15,-1,-1,15,-1,-1,-1,37,-1,-1,15
20150206,4,15,15,15,-1,-1,15,15,3,15,-1,15,-1,-1,15,-1,-1,-1,37,-1,-1,15
20150208,4,15,15,15,-1,-1,15,15,3,15,-1,15,-1,-1,15,-1,-1,-1,37,-1,-1,15
20150209,4,15,15,15,-1,-1,15,15,3,15,-1,15,-1,-1,15,-1,-1,-1,37,-1,-1,15
20150210,4,15,15,15,-1,-1,15,15,3,15,-1,15,-1,-1,15,-1,-1,-1,37,-1,-1,15
20150211,4,15,15,15,-1,-1,15,15,3,15,-1,15,-1,-1,15,-1,-1,-1,37,-1,-1,15
20150212,4,15,15,15,-1,-1,15,15,3,15,-1,15,-1,-1,15,-1,-1,-1,37,-1,-1,15
20150221,4,15,15,-1,-1,-1,15,15,3,15,-1,15,-1,-1,15,-1,-1,-1,37,-1,-1,15
20150222,4,15,15,-1,-1,-1,15,15,-1,15,-1,15,-1,-1,15,-1,-1,-1,37,-1,-1,15
20150223,4,15,15,-1,-1,-1,15,15,3,15,-1,15,-1,-1,15,-1,-1,-1,37,-1,-1,15
20150224,4,15,15,-1,-1,-1,15,15,3,15,-1,15,-1,-1,15,-1,-1,-1,37,-1,-1,15
20150225,4,15,15,-1,-1,-1,15,15,3,15,-1,15,-1,-1,15,-1,-1,-1,37,-1,-1,15
20150226,4,15,15,-1,-1,-1,15,15,3,15,-1,15,-1,-1,15,-1,-1,-1,37,-1,-1,15
20150227,4,15,15,-1,-1,-1,15,15,3,15,-1,15,-1,-1,15,-1,-1,-1,37,-1,-1,15
20150228,4,15,15,-1,-1,-1,15,15,-1,15,-1,15,-1,-1,15,-1,-1,-1,-1,-1,-1,15
20150301,4,15,15,-1,-1,-1,15,15,3,15,-1,15,-1,-1,15,-1,-1,-1,-1,-1,-1,15
20150302,4,15,15,-1,-1,-1,15,15,-1,15,-1,15,-1,-1,15,-1,-1,-1,-1,-1,-1,15
20150303,4,15,15,-1,-1,-1,15,15,3,15,-1,15,-1,-1,15,-1,-1,-1,-1,-1,-1,15
20150304,4,15,15,-1,-1,-1,15,15,3,15,-1,15,-1,-1,15,-1,-1,-1,-1,-1,-1,15
20150305,4,15,-1,-1,-1,-1,-1,-1,-1,15,-1,15,-1,-1,15,-1,-1,-1,-1,-1,-1,15
20150306,4,15,15,-1,-1,-1,-1,15,3,15,-1,15,-1,-1,15,-1,-1,-1,-1,-1,-1,15
20150307,4,15,15,-1,-1,-1,-1,15,3,15,-1,15,-1,-1,15,-1,-1,-1,-1,-1,-1,15
20150308,4,15,15,-1,-1,-1,15,15,3,15,-1,15,-1,-1,15,-1,-1,-1,-1,-1,-1,15
20150309,4,15,15,-1,-1,-1,15,15,3,15,-1,15,-1,-1,15,-1,-1,-1,-1,-1,-1,15
20150310,4,15,15,-1,-1,-1,15,15,3,15,-1,15,-1,-1,15,-1,-1,-1,-1,-1,-1,15
20150311,4,15,15,-1,-1,-1,15,15,3,15,-1,15,-1,-1,15,-1,-1,-1,-1,-1,-1,15
20150312,4,15,15,-1,-1,-1,15,15,3,15,-1,15,-1,-1,15,-1,-1,-1,-1,-1,-1,15
20150313,4,15,-1,-1,-1,-1,15,-1,3,15,-1,15,-1,-1,15,-1,-1,-1,-1,-1,-1,15
20150314,4,15,-1,-1,-1,-1,15,15,3,15,-1,15,-1,-1,15,-1,-1,-1,-1,-1,-1,15
20150315,4,15,15,-1,-1,-1,15,-1,3,15,-1,15,-1,-1,15,-1,-1,-1,-1,-1,-1,15
20150316,4,15,15,-1,-1,-1,15,15,3,15,-1,15,-1,-1,15,-1,-1,-1,-1,-1,-1,15
20150317,4,15,15,-1,-1,-1,15,15,3,15,-1,15,-1,-1,15,-1,-1,-1,-1,-1,-1,15
20150318,4,15,15,-1,-1,-1,15,15,3,15,-1,15,-1,-1,15,-1,-1,-1,37,-1,-1,15
20150319,4,15,-1,-1,-1,-1,15,15,3,15,-1,15,-1,-1,15,-1,-1,-1,37,-1,-1,-1
20150320,4,15,15,-1,-1,-1,15,15,3,15,-1,15,-1,-1,15,-1,-1,-1,37,-1,-1,15
20150321,4,15,15,-1,-1,-1,15,15,-1,15,-1,15,-1,-1,15,-1,-1,-1,37,-1,-1,15
20150322,4,15,15,-1,-1,-1,15,15,3,-1,-1,15,-1,-1,15,-1,-1,-1,37,-1,-1,-1
20150323,4,15,15,-1,-1,-1,15,15,3,15,-1,15,-1,-1,15,-1,-1,-1,37,-1,-1,15
20150324,4,15,15,-1,4,-1,15,15,3,15,-1,15,-1,-1,15,-1,-1,-1,37,-1,-1,15
20150325,4,15,-1,-1,4,-1,15,15,3,15,-1,15,-1,-1,15,-1,-1,-1,37,-1,-1,15
20150326,4,15,15,-1,4,-1,15,15,-1,15,-1,15,-1,-1,15,-1,-1,-1,37,-1,-1,-1
20150327,4,15,15,-1,4,-1,15,15,-1,15,-1,15,-1,-1,15,-1,-1,-1,37,-1,-1,15
20150328,4,15,15,-1,4,-1,15,15,3,15,-1,15,-1,-1,15,-1,-1,-1,37,-1,-1,-1
20150329,4,15,15,-1,4,-1,15,-1,-1,15,-1,15,-1,-1,15,-1,-1,-1,37,-1,-1,15
20150330,4,15,15,-1,4,-1,15,15,3,15,-1,15,-1,-1,15,-1,-1,-1,37,-1,-1,-1
20150331,4,15,15,-1,4,-1,15,15,-1,15,-1,15,-1,-1,15,-1,-1,-1,37,-1,-1,15
20150401,4,15,15,-1,4,-1,15,15,3,15,-1,15,-1,-1,15,-1,-1,-1,37,-1,-1,15
20150402,4,15,15,-1,4,-1,15,15,3,15,-1,15,-1,-1,15,-1,-1,-1,37,-1,-1,15
20150403,4,15,15,-1,4,-1,15,15,3,15,-1,15,-1,-1,15,-1,-1,-1,37,-1,-1,15
20150404,4,15,15,-1,4,-1,15,15,-1,15,-1,15,-1,-1,15,-1,-1,-1,37,-1,-1,15
20150405,4,15,15,-1,4,-1,15,-1,3,15,-1,15,-1,-1,15,-1,-1,-1,37,-1,-1,15
20150406,4,15,15,-1,4,-1,15,15,-1,15,-1,15,-1,-1,15,-1,-1,-1,37,-1,-1,15
20150407,4,15,15,-1,4,-1,15,15,-1,15,-1,15,-1,-1,15,-1,-1,-1,37,-1,-1,15
20150408,4,15,15,-1,4,-1,15,15,3,15,-1,15,-1,-1,15,-1,-1,-1,37,-1,-1,15
20150409,4,15,15,-1,4,-1,15,15,3,15,-1,15,-1,-1,15,-1,-1,-1,37,-1,-1,15
20150410,4,15,15,-1,4,-1,15,15,3,15,-1,15,-1,-1,15,-1,-1,-1,37,-1,-1,15
20150411,4,15,15,-1,4,-1,15,15,-1,15,-1,15,-1,-1,15,-1,-1,-1,37,-1,-1,15
20150412,4,15,15,-1,4,-1,15,-1,-1,15,-1,15,-1,-1,15,-1,-1,-1,37,-1,-1,15
20150413,4,15,15,-1,4,-1,15,15,-1,15,-1,15,-1,-1,15,-1,-1,-1,37,-1,-1,-1
20150414,4,15,15,-1,4,-1,15,15,3,15,-1,15,-1,-1,15,-1,-1,-1,37,-1,-1,-1
20150415,4,15,15,-1,4,-1,15,15,3,15,-1,15,-1,-1,15,-1,-1,-1,37,-1,-1,15
20150416,4,15,15,-1,4,-1,15,15,3,15,-1,15,-1,-1,15,-1,-1,-1,37,-1,-1,15
20150417,4,15,15,-1,4,-1,15,15,-1,15,-1,15,-1,-1,15,-1,-1,-1,37,-1,-1,15
20150418,4,15,15,-1,4,-1,15,15,3,15,-1,15,-1,-1,15,-1,-1,-1,37,-1,-1,15
20150419,4,15,15,-1,4,-1,15,15,-1,15,-1,15,-1,-1,15,-1,-1,-1,37,-1,-1,-1
20150420,4,15,15,-1,4,-1,15,15,3,15,-1,15,-1,-1,15,-1,-1,-1,37,-1,-1,15
20150421,4,15,15,-1,4,-1,15,15,3,15,-1,15,-1,-1,15,-1,-1,-1,37,-1,-1,15
20150422,4,15,15,-1,4,-1,15,15,3,15,-1,15,-1,-1,15,-1,-1,-1,37,-1,-1,15
20150423,4,-1,15,-1,4,-1,15,15,3,15,-1,15,-1,-1,15,-1,-1,-1,37,-1,-1,15
20150424,4,15,15,-1,4,-1,15,15,3,15,-1,15,-1,-1,15,-1,-1,-1,37,-1,-1,15
20150425,4,15,15,-1,4,-1,15,15,3,15,-1,15,-1,-1,15,-1,-1,-1,37,-1,-1,15
20150426,4,15,15,-1,4,-1,15,15,3,15,-1,15,-1,-1,15,-1,-1,-1,37,-1,-1,15
20150427,4,15,15,-1,4,-1,15,15,3,15,-1,15,-1,-1,15,-1,-1,-1,37,-1,-1,15
20150428,4,15,15,-1,4,-1,15,15,-1,15,-1,15,-1,-1,15,-1,-1,-1,37,-1,-1,15
20150429,4,15,15,-1,5,-1,15,15,3,15,-1,15,-1,-1,15,-1,-1,-1,37,-1,-1,15
20150430,4,15,15,-1,4,-1,15,15,3,15,-1,15,-1,-1,15,-1,-1,-1,37,-1,-1,15
20150501,4,15,15,-1,4,-1,15,15,3,15,-1,15,-1,-1,15,-1,-1,-1,37,-1,-1,-1
20150502,4,15,15,-1,4,-1,15,15,-1,15,-1,15,-1,-1,15,-1,-1,-1,37,-1,-1,-1
20150503,4,15,15,-1,4,-1,15,15,-1,15,-1,15,-1,-1,15,-1,-1,-1,37,-1,-1,15
20150504,4,15,15,-1,4,-1,15,15,3,15,-1,15,-1,-1,15,-1,-1,-1,37,-1,-1,15
20150505,4,15,15,-1,4,-1,15,15,-1,15,-1,15,-1,-1,15,-1,-1,-1,37,-1,-1,15
20150506,4,15,15,-1,4,-1,15,15,3,15,-1,15,-1,-1,15,-1,-1,-1,37,-1,-1,15
20150507,4,15,15,-1,4,-1,15,15,3,15,-1,15,-1,-1,15,-1,-1,-1,37,-1,-1,15
20150508,4,15,15,-1,4,-1,15,15,3,15,-1,15,-1,-1,15,-1,-1,-1,37,-1,-1,15
20150509,4,15,15,-1,4,-1,15,15,-1,15,-1,15,-1,-1,15,-1,-1,-1,37,-1,-1,-1
20150510,4,15,15,-1,4,-1,15,15,3,15,-1,15,-1,-1,15,-1,-1,-1,37,-1,-1,15
20150511,4,15,15,-1,4,-1,15,15,-1,15,-1,15,-1,-1,15,-1,-1,-1,37,-1,-1,-1
20150512,4,15,-1,-1,4,-1,15,15,3,15,-1,15,-1,-1,15,-1,-1,-1,37,-1,-1,-1
20150513,4,15,-1,-1,4,-1,15,15,3,15,-1,15,-1,-1,15,-1,-1,-1,37,-1,-1,15
20150514,4,15,-1,-1,4,-1,15,15,3,15,-1,15,-1,-1,15,-1,-1,-1,37,-1,-1,15
20150515,4,15,-1,-1,4,-1,15,15,3,15,-1,15,-1,-1,15,-1,-1,-1,37,-1,-1,15
20150516,4,15,15,-1,4,-1,-1,15,3,15,-1,15,-1,-1,15,-1,-1,-1,37,-1,-1,15
20150517,4,15,15,-1,4,-1,-1,15,3,15,-1,15,-1,-1,15,-1,-1,-1,37,-1,-1,15
20150518,4,-1,15,-1,4,-1,-1,15,3,15,-1,15,-1,-1,15,-1,-1,-1,37,-1,-1,15
20150519,4,15,15,-1,4,-1,15,15,3,-1,-1,15,-1,-1,15,-1,-1,-1,37,-1,-1,15
20150520,4,15,15,-1,4,-1,15,15,3,15,-1,15,-1,-1,15,-1,-1,-1,37,-1,-1,15
20150521,4,15,15,-1,4,-1,15,15,3,15,-1,15,-1,-1,15,-1,-1,-1,37,-1,-1,15
20150522,4,15,15,-1,4,-1,15,15,3,15,-1,15,-1,-1,15,-1,-1,-1,37,-1,-1,15
20150523,4,15,15,-1,4,-1,15,15,3,15,-1,15,-1,-1,15,-1,-1,-1,37,-1,-1,15
20150524,4,15,-1,-1,4,-1,15,15,3,15,-1,15,-1,-1,15,-1,-1,-1,37,-1,-1,-1
20150525,4,15,-1,-1,4,-1,15,15,3,15,-1,15,-1,-1,15,-1,-1,-1,37,-1,-1,15
20150526,4,15,15,-1,4,-1,15,15,3,15,-1,15,-1,-1,15,-1,-1,-1,37,-1,-1,15
20150527,4,15,15,-1,4,-1,15,15,3,15,-1,15,-1,-1,15,-1,-1,-1,37,-1,-1,15
20150528,4,15,15,-1,4,-1,15,15,3,15,-1,15,-1,-1,15,-1,-1,-1,37,-1,-1,15
20150529,4,15,15,-1,4,-1,15,15,-1,15,-1,15,-1,-1,15,-1,-1,-1,37,-1,-1,-1
20150530,4,15,15,-1,4,-1,15,15,3,15,-1,15,-1,-1,15,-1,-1,-1,37,-1,-1,15
20150531,-1,15,15,-1,4,-1,15,15,3,-1,-1,15,-1,-1,15,-1,-1,-1,37,-1,-1,-1
20150601,4,15,15,-1,4,-1,15,15,-1,15,-1,15,-1,-1,15,-1,-1,-1,37,-1,-1,15
20150602,4,15,15,-1,4,-1,15,15,3,15,-1,15,-1,-1,15,-1,-1,-1,37,-1,-1,15
20150603,4,15,15,-1,4,-1,15,15,3,15,-1,15,-1,-1,15,-1,-1,-1,37,-1,-1,15
20150604,4,15,15,-1,4,-1,15,15,3,15,-1,15,-1,-1,15,-1,-1,-1,37,-1,-1,15
20150605,4,15,15,-1,4,-1,15,15,3,15,-1,15,-1,-1,15,-1,-1,-1,37,-1,-1,15
20150606,4,15,15,-1,4,-1,15,15,3,15,-1,15,-1,-1,15,-1,-1,-1,37,-1,-1,15
20150607,4,15,15,-1,4,-1,15,15,3,15,-1,15,-1,-1,15,-1,-1,-1,37,-1,-1,15
20150608,4,15,15,-1,4,-1,15,15,3,15,-1,15,-1,-1,15,-1,-1,-1,37,-1,-1,15
20150609,4,15,15,-1,4,-1,15,15,-1,15,-1,15,-1,-1,15,-1,-1,-1,37,-1,-1,-1
20150610,4,15,15,-1,4,-1,15,15,3,15,-1,15,-1,-1,15,-1,-1,-1,37,-1,-1,15
20150611,4,15,15,-1,4,-1,15,15,3,15,-1,15,-1,-1,15,-1,-1,-1,37,-1,-1,15
20150612,4,15,15,-1,4,-1,15,15,3,15,-1,15,-1,-1,15,-1,-1,-1,37,-1,-1,15
20150613,4,15,15,-1,4,-1,15,15,3,15,-1,15,-1,-1,15,-1,-1,-1,37,-1,-1,15
20150614,4,15,15,-1,4,-1,15,15,3,15,-1,15,-1,-1,15,-1,-1,-1,37,-1,-1,15
20150615,4,15,15,-1,4,-1,15,15,3,15,-1,15,-1,-1,15,-1,-1,-1,37,-1,-1,15
20150616,4,-1,15,-1,4,-1,15,15,3,15,-1,15,-1,-1,15,-1,-1,-1,37,-1,-1,15
20150617,4,15,15,-1,4,-1,15,15,-1,15,-1,15,-1,-1,15,-1,-1,-1,37,-1,-1,15
20150618,4,15,15,-1,4,-1,15,15,3,15,-1,15,-1,-1,15,-1,-1,-1,37,-1,-1,15
20150619,4,15,15,-1,4,-1,15,15,3,15,-1,15,-1,-1,15,-1,-1,-1,37,-1,-1,-1
20150620,4,15,15,-1,4,-1,15,15,3,15,-1,15,-1,-1,15,-1,-1,-1,37,-1,-1,15
20150621,4,15,15,-1,4,-1,15,15,-1,15,-1,15,-1,-1,15,-1,-1,-1,37,-1,-1,15
20150622,4,15,15,-1,4,-1,15,15,3,15,-1,15,-1,-1,15,-1,-1,-1,37,-1,-1,15
20150623,4,15,15,-1,4,-1,15,15,3,15,-1,15,-1,-1,15,-1,-1,-1,37,-1,-1,15
20150624,4,15,15,-1,4,-1,15,15,3,-1,-1,15,-1,-1,15,-1,-1,-1,37,-1,-1,15
20150625,4,15,15,-1,4,-1,15,15,-1,-1,-1,15,-1,-1,15,-1,-1,-1,37,-1,-1,15
20150626,4,15,15,-1,4,-1,15,15,-1,-1,-1,15,-1,-1,15,-1,-1,-1,37,-1,-1,15
20150627,4,15,15,-1,4,-1,15,15,3,15,-1,15,-1,-1,15,-1,-1,-1,37,-1,-1,15
20150628,4,15,15,-1,4,-1,15,15,3,15,-1,15,-1,-1,15,-1,-1,-1,37,-1,-1,15
20150629,4,15,15,-1,4,-1,15,15,-1,15,-1,15,-1,-1,15,-1,-1,-1,37,-1,-1,15
20150630,4,15,15,-1,4,-1,15,15,-1,15,-1,15,-1,-1,15,-1,-1,-1,37,-1,-1,15
20150701,4,15,15,15,4,-1,15,15,-1,15,-1,15,-1,-1,15,-1,-1,-1,37,-1,-1,15
20150702,4,15,15,15,4,-1,15,15,3,15,-1,15,-1,-1,15,-1,-1,-1,37,-1,-1,15
20150703,4,15,15,15,4,-1,15,15,-1,15,-1,15,-1,-1,15,-1,-1,-1,37,-1,-1,15
20150704,4,15,15,15,4,-1,15,15,4,15,-1,15,-1,-1,15,-1,-1,-1,37,-1,-1,15
20150705,4,15,15,15,4,-1,15,15,-1,15,-1,15,-1,-1,15,-1,-1,-1,37,-1,-1,15
20150706,4,-1,15,15,4,-1,15,15,4,15,-1,15,-1,-1,15,-1,-1,-1,37,-1,-1,15
20150707,4,15,15,15,4,-1,-1,15,4,15,-1,15,-1,-1,15,-1,-1,-1,37,-1,-1,15
20150708,4,15,15,15,4,-1,-1,15,4,-1,-1,15,-1,-1,15,-1,-1,-1,37,-1,-1,15
20150709,4,15,15,15,4,-1,15,15,-1,15,-1,15,-1,-1,15,-1,-1,-1,37,-1,-1,15
20150710,4,15,15,15,4,-1,15,15,4,15,-1,15,-1,-1,15,-1,-1,-1,37,-1,-1,15
20150711,4,15,15,15,4,-1,15,15,4,15,-1,15,-1,-1,15,-1,-1,-1,37,-1,-1,15
20150712,4,15,15,15,4,-1,15,15,-1,15,-1,15,-1,-1,15,-1,-1,-1,37,-1,-1,15
20150713,4,15,15,15,4,-1,15,15,4,15,-1,15,-1,-1,15,-1,-1,-1,37,-1,-1,15
20150714,4,15,15,15,4,-1,15,15,4,15,-1,15,-1,-1,15,-1,-1,-1,37,-1,-1,15
20150715,4,15,15,15,4,-1,15,15,4,15,-1,15,-1,-1,15,-1,-1,-1,37,-1,-1,15
20150716,4,15,15,15,4,-1,15,15,4,15,-1,15,-1,-1,15,-1,-1,-1,37,-1,-1,15
20150717,4,15,15,15,4,-1,15,15,4,15,-1,15,-1,-1,15,-1,-1,-1,37,-1,-1,15
20150718,4,15,15,15,4,-1,15,15,4,15,-1,15,-1,-1,15,-1,-1,-1,37,-1,-1,15
20150719,4,15,15,15,4,-1,15,15,-1,15,-1,15,-1,-1,15,-1,-1,-1,37,-1,-1,15
20150720,4,15,15,15,4,-1,15,15,4,15,-1,15,-1,-1,15,-1,-1,-1,37,-1,-1,15
20150721,4,15,15,15,4,-1,15,15,4,15,-1,15,-1,-1,15,-1,-1,-1,37,-1,-1,15
20150722,4,15,15,15,4,-1,15,15,-1,15,-1,15,-1,-1,15,-1,-1,-1,37,-1,-1,15
20150723,4,15,15,15,4,-1,15,15,4,15,-1,15,-1,-1,15,-1,-1,-1,37,-1,-1,15
20150724,4,15,15,15,4,-1,15,15,4,15,-1,15,-1,-1,15,-1,-1,-1,37,-1,-1,15
20150725,4,15,15,15,4,-1,15,15,4,15,-1,15,-1,-1,15,-1,-1,-1,37,-1,-1,15
20150726,4,15,15,15,4,-1,15,15,4,15,-1,15,-1,-1,15,-1,-1,-1,37,-1,-1,15
20150727,4,15,15,15,4,-1,15,15,4,15,-1,15,-1,-1,15,-1,-1,-1,37,-1,-1,15
20150728,4,15,15,15,4,-1,15,15,4,15,-1,15,-1,-1,15,-1,-1,-1,37,-1,-1,15
20150729,4,15,15,15,4,-1,15,15,-1,15,-1,15,-1,-1,15,-1,-1,-1,37,-1,-1,15
20150730,4,15,15,15,4,-1,15,15,4,15,-1,15,-1,-1,15,-1,-1,-1,-1,-1,-1,15
20150731,4,15,15,15,4,-1,15,-1,4,-1,-1,15,-1,-1,15,-1,-1,-1,37,-1,-1,15
20150801,4,15,15,15,4,-1,15,15,-1,15,-1,15,-1,-1,15,-1,-1,-1,37,-1,-1,15
20150802,4,15,15,15,4,-1,15,15,4,15,-1,15,-1,-1,15,-1,-1,-1,37,-1,-1,15
20150803,4,15,15,15,4,-1,15,15,-1,15,-1,15,-1,-1,15,-1,-1,-1,37,-1,-1,15
20150804,4,15,15,15,4,-1,15,15,4,15,-1,15,-1,-1,15,-1,-1,-1,37,-1,-1,15
20150805,4,15,15,15,4,-1,15,15,4,15,-1,15,-1,-1,15,-1,-1,-1,37,-1,-1,15
20150806,4,15,15,15,4,-1,15,15,4,15,-1,15,-1,-1,15,-1,-1,-1,37,-1,-1,15
20150807,4,15,15,15,4,-1,15,15,-1,15,-1,-1,-1,-1,15,-1,-1,-1,37,-1,-1,15
20150808,4,15,15,15,4,-1,15,-1,4,15,-1,-1,-1,-1,15,-1,-1,-1,37,-1,-1,15
20150809,4,15,15,15,4,-1,15,15,4,15,-1,-1,-1,-1,15,-1,-1,-1,37,-1,-1,15
20150810,4,15,15,15,4,-1,15,15,4,15,-1,-1,-1,-1,15,-1,-1,-1,37,-1,-1,15
20150811,4,15,15,15,4,-1,15,15,-1,15,-1,-1,-1,-1,15,-1,-1,-1,37,-1,-1,15
20150812,4,15,15,15,4,-1,15,15,4,15,-1,15,-1,-1,15,-1,-1,-1,37,-1,-1,15
20150813,4,15,15,15,4,-1,15,15,4,15,-1,15,-1,-1,15,-1,-1,-1,37,-1,-1,15
20150814,4,15,15,15,4,-1,15,15,4,15,-1,15,-1,-1,15,-1,-1,-1,37,-1,-1,15
20150815,4,15,15,15,4,-1,15,15,-1,15,-1,15,-1,-1,15,-1,-1,-1,37,-1,-1,15
20150818,4,15,15,15,4,-1,15,15,4,15,-1,15,-1,-1,15,-1,-1,-1,37,-1,-1,15
20150819,4,15,15,15,4,-1,15,15,4,15,-1,15,-1,-1,15,-1,-1,-1,37,-1,-1,15
20150820,4,15,15,15,4,-1,15,15,-1,15,-1,15,-1,-1,15,-1,-1,-1,37,-1,-1,15
20150821,4,15,15,15,4,-1,15,15,4,15,-1,15,-1,-1,15,-1,-1,-1,37,-1,-1,15
20150822,4,15,15,15,4,-1,15,15,4,15,-1,15,-1,-1,15,-1,-1,-1,37,-1,-1,15
20150823,4,-1,15,15,4,-1,15,15,4,15,-1,15,-1,-1,15,-1,-1,-1,37,-1,-1,15
20150824,4,15,15,15,4,-1,15,15,4,15,-1,15,-1,-1,15,-1,-1,-1,37,-1,-1,15
20150825,4,15,15,15,4,-1,15,15,-1,15,-1,15,-1,-1,15,-1,-1,-1,37,-1,-1,15
20150826,4,15,15,15,4,-1,15,15,4,15,-1,15,-1,-1,15,-1,-1,-1,37,-1,-1,15
20150827,4,15,15,15,4,-1,15,15,-1,15,-1,15,-1,-1,15,-1,-1,-1,37,-1,-1,15
20150828,4,15,15,15,4,-1,15,15,4,15,-1,15,-1,-1,15,-1,-1,-1,39,-1,-1,15
20150829,4,15,15,15,4,-1,15,-1,4,15,-1,15,-1,-1,15,-1,-1,-1,39,-1,-1,15
20150830,4,15,15,15,4,-1,15,15,4,15,-1,15,-1,-1,15,-1,-1,-1,39,-1,-1,15
20150831,4,15,15,15,4,-1,15,-1,4,15,-1,15,-1,-1,15,-1,-1,-1,39,-1,-1,15
20150901,4,15,15,15,4,-1,15,15,4,15,-1,15,-1,-1,15,-1,-1,-1,39,-1,-1,15
20150902,4,15,15,15,4,-1,15,15,4,15,-1,15,-1,-1,15,-1,-1,-1,39,-1,-1,15
20150903,4,15,15,15,4,-1,15,15,4,-1,-1,15,-1,-1,15,-1,-1,-1,39,-1,-1,15
20150904,4,15,15,15,4,-1,15,15,-1,15,-1,15,-1,-1,15,-1,-1,-1,39,-1,-1,15
20150905,4,15,15,15,4,-1,15,15,4,15,-1,15,-1,-1,15,-1,-1,-1,39,-1,-1,15
20150906,4,15,15,15,4,-1,15,15,4,15,-1,15,-1,-1,15,-1,-1,-1,39,-1,-1,15
20150907,4,15,15,15,4,-1,15,15,4,15,-1,15,-1,-1,15,-1,-1,-1,39,-1,-1,15
20150908,4,15,15,15,4,-1,15,15,4,15,-1,15,-1,-1,15,-1,-1,-1,39,-1,-1,15
20150909,4,15,15,15,4,-1,15,15,4,15,-1,15,-1,-1,15,-1,-1,-1,39,-1,-1,15
20150910,4,15,15,15,4,-1,15,15,4,15,-1,15,-1,-1,15,-1,-1,-1,39,-1,-1,15
20150911,4,15,15,15,4,-1,15,15,4,15,-1,15,-1,-1,15,-1,-1,-1,39,-1,-1,15
20150912,4,15,15,15,4,-1,15,15,5,15,-1,15,-1,-1,15,-1,-1,-1,39,-1,-1,15
20150913,4,15,15,15,4,-1,15,15,5,15,-1,15,-1,-1,15,-1,-1,-1,39,-1,-1,15
20150914,4,15,15,15,4,-1,15,15,5,15,-1,15,-1,-1,15,-1,-1,-1,39,-1,-1,15
20150915,4,15,15,15,4,-1,15,15,5,15,-1,15,-1,15,15,-1,-1,-1,39,-1,-1,15
20150916,4,15,15,15,4,-1,15,15,5,15,-1,15,-1,15,15,-1,-1,-1,39,-1,-1,15
20150917,4,15,15,15,4,-1,15,15,5,15,-1,15,-1,15,15,-1,-1,-1,39,-1,-1,15
20150918,4,15,15,15,4,-1,15,15,5,15,-1,15,-1,15,15,-1,-1,-1,39,-1,-1,15
20150919,4,15,15,15,4,-1,15,15,5,15,-1,15,-1,15,15,-1,-1,-1,39,-1,-1,15
20150920,4,15,15,15,4,-1,15,15,5,15,-1,15,-1,15,15,-1,-1,-1,39,-1,-1,15
20150921,4,15,15,15,4,-1,15,15,5,15,-1,15,-1,15,15,-1,-1,-1,39,-1,-1,15
20150922,4,15,15,15,4,-1,15,15,5,15,-1,15,-1,15,15,-1,-1,-1,39,-1,-1,15
20150923,4,15,15,15,4,-1,15,15,5,15,-1,15,-1,15,15,-1,-1,-1,39,-1,-1,15
20150924,4,15,15,15,4,-1,15,15,5,15,-1,15,-1,15,15,-1,-1,-1,39,-1,-1,15
20150925,4,15,15,15,4,-1,15,15,5,-1,-1,15,-1,15,15,-1,-1,-1,39,-1,-1,15
20150926,4,15,15,15,4,-1,15,15,5,15,-1,15,-1,15,15,-1,-1,-1,39,-1,-1,15
20150927,4,15,15,15,4,-1,15,15,5,15,-1,15,-1,15,15,-1,-1,-1,39,-1,-1,15
20150928,4,15,15,15,4,-1,15,15,5,15,-1,15,-1,15,15,-1,-1,-1,39,-1,-1,15
20150929,4,15,15,15,4,-1,15,15,5,15,-1,15,-1,15,15,-1,-1,-1,39,-1,-1,15
20150930,4,15,15,15,4,-1,15,15,5,15,-1,15,-1,15,15,-1,-1,-1,39,-1,-1,15
20151001,4,15,15,15,4,-1,15,15,-1,15,-1,15,-1,15,15,-1,-1,-1,39,-1,-1,15
20151002,4,15,15,15,4,-1,15,15,5,15,-1,15,-1,15,15,-1,-1,-1,39,-1,-1,15
20151003,4,15,15,15,4,-1,15,15,5,15,-1,15,-1,15,15,-1,-1,-1,39,-1,-1,15
20151004,4,15,15,15,4,-1,15,15,5,15,-1,15,-1,15,15,-1,-1,-1,39,-1,-1,15
20151005,4,15,15,15,4,-1,15,15,5,15,-1,15,-1,15,15,-1,-1,-1,39,-1,-1,15
20151006,4,15,15,15,4,-1,15,-1,5,15,-1,15,-1,15,15,-1,-1,-1,39,-1,-1,15
20151007,4,15,15,15,4,-1,15,15,5,15,-1,15,-1,15,15,-1,-1,-1,39,-1,-1,15
20151008,4,15,15,15,4,-1,15,15,5,15,-1,15,-1,15,15,-1,-1,-1,39,-1,-1,15
20151009,4,15,15,15,4,-1,15,15,5,15,-1,15,-1,15,15,-1,-1,-1,39,-1,-1,15
20151010,4,15,15,15,4,-1,15,15,5,15,-1,15,-1,15,15,-1,-1,-1,39,-1,-1,15
20151011,4,15,15,15,4,-1,15,15,5,15,-1,15,-1,15,15,-1,-1,-1,39,-1,-1,15
20151012,4,15,15,15,4,-1,15,15,5,15,-1,15,-1,15,15,-1,-1,-1,39,-1,-1,15
20151013,4,15,15,15,4,-1,15,15,5,15,-1,15,-1,15,15,-1,-1,-1,39,-1,-1,15
20151014,4,15,15,15,4,-1,15,15,5,15,-1,15,-1,15,15,-1,-1,-1,39,-1,-1,15
20151015,4,15,15,15,4,-1,15,15,-1,15,-1,15,-1,15,15,-1,-1,-1,39,-1,-1,15
20151016,4,15,15,15,4,-1,15,15,5,15,-1,15,-1,15,15,-1,-1,-1,39,-1,-1,15
20151017,4,15,15,15,4,-1,15,15,5,15,-1,15,-1,15,15,-1,-1,-1,39,-1,-1,15
20151018,4,15,15,15,4,-1,15,15,5,15,-1,15,-1,15,15,-1,-1,-1,39,-1,-1,15
20151019,4,-1,15,15,4,-1,15,15,5,15,-1,15,-1,15,15,-1,-1,-1,39,-1,-1,15
20151020,4,15,15,15,4,-1,15,15,5,15,-1,15,-1,15,15,-1,-1,-1,39,-1,-1,15
20151021,4,15,15,15,4,-1,15,15,5,15,-1,15,-1,15,15,-1,-1,-1,39,-1,-1,15
20151022,4,15,15,15,4,-1,15,15,5,15,-1,15,-1,15,15,-1,-1,-1,39,-1,-1,15
20151023,15,15,15,15,4,-1,15,15,5,15,-1,15,-1,15,15,-1,-1,-1,39,-1,-1,15
20151024,4,15,15,15,4,-1,15,15,5,15,-1,15,-1,15,15,-1,-1,-1,39,-1,-1,15
20151025,4,15,15,15,4,-1,15,15,-1,15,-1,15,-1,15,15,-1,-1,-1,39,-1,-1,15
20151026,4,15,15,15,4,-1,15,15,5,15,-1,15,-1,15,15,-1,-1,-1,39,-1,-1,15
20151027,4,15,15,15,4,-1,15,-1,5,15,-1,15,-1,15,15,-1,-1,-1,39,-1,-1,15
20151028,4,15,15,15,4,-1,15,15,5,15,-1,15,-1,15,15,-1,-1,-1,39,-1,-1,15
20151029,4,15,15,15,4,-1,15,15,5,15,-1,15,-1,15,15,-1,-1,-1,39,-1,-1,15
20151030,4,15,15,15,4,-1,15,15,5,15,-1,15,-1,15,15,-1,-1,-1,39,-1,-1,15
20151031,-1,15,15,15,4,-1,15,15,5,15,-1,15,-1,15,15,-1,-1,-1,39,-1,-1,15
20151101,-1,15,15,15,4,-1,15,15,5,15,-1,15,-1,15,15,-1,-1,-1,39,-1,-1,15
20151102,-1,15,15,15,4,-1,15,15,5,15,-1,15,-1,15,15,-1,-1,-1,39,-1,-1,15
20151103,-1,15,15,15,4,-1,15,15,5,15,-1,15,-1,15,15,15,-1,-1,39,-1,-1,15
20151104,-1,15,15,15,4,-1,15,15,5,15,-1,15,-1,15,15,15,-1,-1,39,-1,-1,15
20151106,-1,15,15,15,4,-1,15,15,5,-1,-1,15,-1,15,15,15,-1,-1,39,-1,-1,15
20151107,-1,15,15,15,4,-1,15,15,5,-1,-1,15,-1,15,15,15,-1,-1,39,-1,-1,15
20151108,-1,15,15,15,4,-1,15,15,5,15,-1,15,-1,15,15,15,-1,-1,39,-1,-1,15
20151109,-1,15,15,15,4,-1,15,15,5,15,-1,15,-1,15,15,15,-1,-1,39,-1,-1,15
20151110,-1,15,15,15,4,-1,15,15,5,15,-1,15,-1,15,15,15,-1,-1,39,-1,-1,15
20151111,-1,15,15,15,4,-1,15,15,5,15,-1,15,-1,15,15,15,-1,-1,39,-1,-1,15
20151112,-1,15,15,15,4,-1,15,15,5,15,-1,15,-1,15,15,15,-1,-1,39,-1,-1,15
20151113,-1,15,15,15,4,-1,15,15,5,-1,-1,15,-1,15,15,15,-1,-1,39,-1,-1,15
20151114,-1,15,15,15,4,-1,15,15,5,-1,-1,15,-1,15,15,15,-1,-1,39,-1,-1,15
20151115,-1,15,15,15,4,-1,15,15,5,-1,-1,15,-1,15,15,15,-1,-1,39,-1,-1,15
20151116,-1,15,15,15,4,-1,15,15,5,-1,-1,15,-1,15,15,15,-1,-1,39,-1,-1,-1
20151117,-1,15,15,15,4,-1,15,15,5,-1,-1,-1,-1,15,15,15,-1,-1,39,-1,-1,-1
20151118,-1,15,15,15,4,-1,15,15,5,-1,-1,-1,-1,15,15,15,-1,-1,39,-1,-1,-1
20151119,-1,15,15,15,4,-1,15,15,5,-1,-1,-1,-1,15,15,15,-1,-1,39,-1,-1,-1
20151120,-1,15,15,15,4,-1,15,15,5,-1,-1,-1,-1,15,15,15,-1,-1,39,-1,-1,-1
20151121,-1,-1,15,15,4,-1,15,15,5,-1,-1,-1,-1,15,15,15,-1,-1,39,-1,-1,-1
20151122,-1,-1,15,15,4,-1,15,15,5,-1,-1,-1,-1,15,15,15,-1,-1,39,-1,-1,-1
20151123,-1,-1,15,15,4,-1,15,-1,5,-1,-1,-1,-1,15,15,15,-1,-1,39,-1,-1,-1
20151124,-1,15,15,15,4,-1,15,15,5,-1,-1,-1,-1,15,15,15,-1,-1,39,-1,-1,-1
20151125,-1,15,15,15,4,-1,15,15,5,-1,-1,-1,-1,15,15,15,-1,-1,39,-1,-1,-1
20151126,-1,15,15,15,4,-1,15,15,5,-1,-1,-1,-1,15,15,15,-1,35,39,-1,-1,-1
20151127,-1,15,15,15,4,-1,15,15,5,-1,-1,-1,-1,15,15,15,-1,35,39,-1,-1,-1
20151128,-1,15,15,15,4,-1,15,15,-1,-1,-1,-1,-1,15,15,15,-1,35,39,-1,-1,-1
20151129,-1,15,15,15,4,-1,15,15,5,-1,-1,-1,-1,15,15,15,-1,35,39,-1,-1,-1
20151130,-1,15,15,15,4,-1,15,15,-1,-1,-1,-1,-1,15,15,15,-1,35,39,-1,-1,-1
20151201,-1,15,15,15,4,-1,15,-1,5,-1,-1,-1,-1,15,15,15,-1,35,39,-1,-1,-1
20151202,-1,15,15,15,4,-1,15,15,5,-1,-1,-1,-1,15,15,15,-1,35,39,-1,-1,-1
20151203,-1,15,15,15,4,-1,15,-1,5,-1,-1,-1,-1,15,15,15,-1,35,39,-1,-1,-1
20151204,-1,15,15,15,4,-1,15,15,5,-1,-1,-1,-1,15,15,15,-1,35,39,-1,-1,-1
20151205,-1,15,15,15,4,-1,15,15,5,-1,-1,-1,-1,15,15,15,-1,35,39,-1,-1,-1
20151206,-1,15,15,15,4,-1,15,15,5,-1,-1,-1,-1,15,15,15,-1,35,39,-1,-1,-1
20151207,-1,15,15,-1,4,-1,15,15,5,-1,-1,15,-1,15,15,15,-1,35,39,-1,-1,-1
20151208,-1,15,15,15,4,-1,15,15,-1,-1,-1,15,-1,15,15,15,-1,35,39,-1,-1,-1
20151209,-1,15,15,15,-1,-1,15,15,5,-1,-1,15,-1,15,15,15,-1,35,39,-1,-1,-1
20151210,-1,15,15,15,4,-1,15,15,5,-1,-1,15,-1,15,15,15,-1,35,39,-1,-1,-1
20151211,-1,15,15,15,4,-1,15,15,5,-1,-1,15,-1,15,15,15,-1,35,39,-1,-1,-1
20151212,-1,15,15,15,4,-1,15,15,5,-1,-1,15,-1,15,15,15,-1,35,39,-1,-1,-1
20151213,-1,15,15,15,4,-1,15,15,5,-1,-1,15,-1,15,15,15,-1,35,39,-1,-1,-1
20151214,-1,15,15,15,4,-1,15,15,5,-1,-1,15,-1,15,15,15,-1,35,39,-1,-1,-1
20151215,-1,15,15,15,4,-1,15,15,5,-1,-1,15,15,15,15,15,-1,35,39,-1,-1,-1
20151216,-1,15,15,15,4,-1,15,15,5,-1,-1,15,15,15,15,15,-1,35,39,-1,-1,-1
20151217,-1,15,15,15,4,-1,15,15,5,-1,-1,15,15,15,15,15,-1,35,39,-1,-1,-1
20151218,-1,15,15,15,4,-1,15,15,5,-1,-1,15,15,15,15,15,-1,35,39,-1,-1,-1
20151219,-1,15,15,15,4,-1,15,15,5,-1,-1,15,15,15,15,15,-1,35,39,-1,-1,-1
20151220,-1,15,15,15,4,-1,15,15,5,-1,-1,15,15,15,15,15,-1,35,39,-1,-1,-1
20151221,-1,15,15,15,4,-1,15,15,5,-1,-1,15,15,15,15,15,-1,35,39,-1,-1,-1
20151222,-1,15,15,15,4,-1,15,15,5,-1,-1,15,15,15,15,15,-1,35,39,-1,-1,-1
20151223,-1,15,15,15,4,-1,15,15,5,-1,-1,15,15,15,15,15,-1,35,39,-1,-1,-1
20151224,-1,15,15,15,4,-1,15,15,5,-1,-1,15,15,15,15,15,-1,35,39,-1,-1,-1
20151225,-1,15,15,15,4,-1,15,15,5,-1,-1,15,15,15,15,15,-1,35,39,-1,-1,-1
20151226,-1,15,15,15,4,-1,15,15,5,-1,-1,15,15,15,15,15,-1,35,39,-1,-1,-1
20151227,-1,15,15,15,4,-1,15,15,5,-1,-1,15,15,15,15,15,-1,35,39,-1,-1,-1
20151228,-1,15,15,15,4,-1,15,15,5,-1,-1,15,15,15,15,15,-1,35,39,-1,-1,-1
20151229,-1,15,15,15,4,-1,15,15,5,-1,-1,15,15,15,15,15,-1,35,39,-1,-1,-1
20151230,-1,15,15,15,4,-1,15,15,5,-1,-1,15,15,15,15,15,-1,35,39,-1,-1,-1
20151231,-1,15,15,15,4,-1,-1,15,5,-1,-1,15,15,15,15,15,-1,35,39,-1,-1,-1
20160101,-1,15,15,15,4,-1,15,15,5,-1,-1,15,15,15,15,15,-1,35,39,-1,-1,-1
20160102,-1,15,15,15,4,-1,15,15,5,-1,-1,15,15,15,15,15,-1,35,39,-1,-1,-1
20160103,-1,15,15,15,4,-1,15,15,5,-1,-1,15,15,15,15,15,-1,35,39,-1,-1,-1
20160104,-1,15,15,15,4,-1,15,15,-1,-1,-1,15,15,15,15,15,-1,35,39,-1,-1,-1
20160105,-1,15,15,15,4,-1,15,15,5,-1,-1,15,15,15,15,15,-1,35,39,-1,-1,-1
20160106,-1,15,15,15,4,-1,15,15,5,-1,-1,15,15,15,15,15,-1,-1,39,-1,-1,-1
20160107,-1,15,15,15,4,-1,15,15,5,-1,-1,15,15,15,15,15,-1,35,39,-1,-1,-1
20160108,-1,15,15,15,4,-1,15,15,5,-1,-1,15,15,15,15,15,-1,35,39,-1,-1,-1
20160109,-1,15,15,15,4,-1,15,15,5,-1,-1,15,15,15,15,15,-1,35,39,-1,-1,-1
20160110,-1,15,15,15,4,-1,15,-1,5,-1,-1,15,15,15,15,15,-1,35,39,-1,-1,-1
20160111,-1,15,15,15,4,-1,15,15,5,-1,-1,15,15,15,15,15,-1,35,39,-1,-1,-1
20160112,-1,15,15,15,4,-1,15,15,5,-1,-1,15,15,15,15,15,-1,35,39,-1,-1,-1
20160113,-1,15,15,15,4,-1,15,15,5,-1,-1,15,15,15,15,15,-1,-1,39,-1,-1,-1
20160114,-1,15,15,15,4,-1,15,15,5,-1,-1,15,15,15,15,15,-1,35,39,-1,-1,-1
20160115,-1,15,15,15,4,-1,15,15,5,-1,-1,15,15,15,15,15,-1,35,39,-1,-1,-1
20160116,-1,15,15,15,4,-1,15,15,-1,-1,-1,15,15,15,15,15,-1,35,39,-1,-1,-1
20160117,-1,15,15,15,4,-1,15,15,-1,-1,-1,15,15,15,15,15,-1,35,39,-1,-1,-1
20160118,-1,15,15,15,4,-1,15,15,-1,-1,-1,15,15,15,15,15,-1,35,-1,-1,-1,-1
20160119,-1,15,15,15,4,-1,15,15,5,-1,-1,15,15,15,15,15,-1,35,37,-1,-1,-1
20160120,-1,15,15,15,4,-1,15,15,-1,-1,-1,15,15,15,15,15,-1,35,37,-1,-1,-1
20160121,-1,15,15,15,4,-1,15,15,5,-1,-1,15,15,15,15,15,-1,35,37,-1,-1,-1
20160122,-1,15,15,15,4,-1,15,15,5,-1,-1,15,15,15,15,15,-1,35,37,-1,-1,-1
20160123,-1,15,15,15,4,-1,15,15,5,-1,-1,15,15,15,15,15,-1,35,37,-1,-1,-1
20160124,-1,15,15,15,4,-1,15,15,5,-1,-1,15,15,15,15,15,-1,35,37,-1,-1,-1
20160125,-1,15,15,15,4,-1,15,15,5,-1,-1,15,15,15,15,15,-1,35,37,-1,-1,-1
20160128,-1,15,15,15,4,-1,15,15,5,-1,-1,15,15,15,15,15,-1,35,37,-1,-1,-1
20160129,-1,15,15,15,4,-1,15,15,5,-1,-1,15,15,15,15,15,-1,35,37,-1,-1,-1
20160130,-1,15,15,15,4,-1,15,-1,5,-1,-1,15,15,15,15,15,-1,35,37,-1,-1,-1
20160131,-1,-1,15,15,4,-1,15,15,5,-1,-1,-1,15,15,15,15,-1,35,37,-1,-1,-1
20160201,-1,15,15,15,4,-1,15,15,5,-1,-1,15,15,15,15,15,-1,35,37,-1,-1,-1
20160202,-1,15,15,15,4,-1,15,15,5,-1,-1,15,15,15,15,15,-1,35,37,-1,-1,-1
20160203,-1,15,15,15,4,-1,15,15,5,-1,-1,15,15,15,15,15,-1,35,37,-1,-1,-1
20160204,-1,15,15,15,4,-1,15,15,5,-1,-1,15,15,15,15,15,-1,35,37,-1,-1,-1
20160205,-1,15,15,15,4,-1,15,15,5,-1,-1,15,15,15,15,15,-1,35,37,-1,-1,-1
20160206,-1,15,15,15,4,-1,15,15,5,-1,-1,15,15,15,15,15,-1,35,37,-1,-1,-1
20160207,-1,15,15,15,4,-1,15,15,5,-1,-1,15,15,15,15,15,-1,35,37,-1,-1,-1
20160208,-1,15,15,15,4,-1,15,15,5,-1,-1,15,15,15,15,15,-1,35,37,-1,-1,-1
20160209,-1,15,15,15,4,-1,15,15,5,-1,-1,15,15,15,15,15,-1,35,37,-1,-1,-1
20160210,-1,15,15,15,4,-1,15,15,5,-1,-1,15,15,15,15,15,-1,35,39,-1,-1,-1
20160211,-1,15,15,15,4,-1,15,-1,5,-1,-1,15,15,15,15,15,-1,35,39,-1,-1,-1
20160212,-1,15,15,15,4,-1,15,15,-1,-1,-1,15,15,15,15,15,-1,35,39,-1,-1,-1
20160213,-1,15,15,15,4,-1,15,15,5,-1,-1,15,15,15,15,15,-1,-1,39,-1,-1,-1
20160214,-1,15,15,15,4,-1,15,15,-1,-1,-1,15,15,15,15,15,-1,35,39,-1,-1,-1
20160215,-1,15,15,15,4,-1,15,15,5,-1,-1,15,15,15,15,15,-1,35,39,-1,-1,-1
20160216,-1,15,15,15,4,-1,15,15,5,-1,-1,15,15,15,15,15,-1,35,39,-1,-1,-1
20160217,-1,15,15,15,4,-1,15,15,5,-1,-1,15,15,15,15,15,-1,35,39,-1,-1,-1
20160218,-1,-1,15,15,4,-1,15,15,5,-1,-1,15,15,15,15,15,-1,35,39,-1,-1,-1
20160219,-1,15,15,15,4,-1,15,15,5,-1,-1,15,15,15,15,15,-1,35,39,-1,-1,-1
20160220,-1,15,15,15,4,-1,15,15,5,-1,-1,15,15,15,15,15,-1,35,39,-1,-1,-1
20160221,-1,15,15,15,4,-1,15,15,5,-1,-1,15,15,15,15,15,-1,35,39,-1,-1,-1
20160222,-1,15,15,15,4,-1,15,15,-1,-1,-1,15,15,15,15,15,-1,35,39,-1,-1,-1
20160223,-1,15,15,15,4,-1,15,15,5,-1,-1,15,15,15,15,15,-1,35,39,-1,-1,-1
20160224,-1,15,15,15,4,-1,15,15,5,-1,-1,15,15,15,15,15,-1,35,39,-1,-1,-1
20160225,-1,15,15,15,4,-1,15,15,-1,-1,-1,15,15,15,15,15,-1,35,39,-1,-1,-1
20160226,-1,15,15,15,4,-1,15,15,5,-1,-1,15,15,15,15,15,-1,35,39,-1,-1,-1
20160227,-1,15,15,15,-1,-1,15,15,5,-1,-1,15,15,15,15,15,15,35,39,-1,-1,-1
20160228,-1,15,15,15,-1,-1,15,15,5,-1,-1,15,15,15,15,15,15,35,39,-1,-1,-1
20160229,-1,15,15,15,-1,-1,15,15,5,-1,-1,15,15,15,15,15,15,35,39,-1,-1,-1
20160301,-1,15,15,15,-1,-1,15,15,5,-1,-1,15,15,15,15,15,15,35,39,-1,-1,-1
20160302,-1,15,15,15,4,-1,15,15,5,-1,-1,15,15,15,15,15,15,35,39,-1,-1,-1
20160303,-1,15,15,15,4,-1,15,15,5,-1,-1,15,15,15,15,15,15,35,39,-1,-1,-1
20160304,-1,15,15,15,4,-1,15,15,-1,-1,-1,15,15,15,15,15,15,35,39,-1,-1,-1
20160305,-1,15,15,15,4,-1,15,15,5,-1,-1,15,15,15,15,15,15,35,39,-1,-1,-1
20160306,-1,15,15,15,4,-1,15,15,5,-1,-1,15,15,15,15,15,15,35,39,-1,-1,-1
20160307,-1,15,15,15,4,-1,15,15,-1,-1,-1,15,15,15,15,15,15,35,39,-1,-1,-1
20160308,-1,15,15,15,4,-1,15,15,5,-1,-1,15,15,15,15,15,15,35,39,-1,-1,-1
20160309,-1,15,15,15,4,-1,15,15,-1,-1,-1,15,15,15,15,15,15,35,39,-1,-1,-1
20160310,-1,15,15,15,4,-1,15,-1,5,-1,-1,15,15,15,15,15,15,35,39,-1,-1,-1
20160311,-1,15,15,15,4,-1,15,15,-1,-1,-1,15,15,15,15,15,15,35,39,-1,-1,-1
20160312,-1,15,15,15,4,-1,15,15,5,-1,-1,15,15,15,15,15,15,35,39,-1,-1,-1
20160313,-1,15,15,15,4,-1,15,15,5,-1,-1,15,15,15,15,15,15,35,39,-1,-1,-1
20160314,-1,15,15,15,4,-1,15,15,5,-1,-1,15,15,15,15,15,15,35,39,-1,-1,-1
20160315,-1,15,15,15,4,-1,15,15,5,-1,-1,15,15,15,15,15,15,35,39,-1,-1,-1
20160316,-1,15,15,15,4,-1,15,15,5,-1,-1,15,15,15,15,15,15,35,39,-1,-1,-1
20160317,-1,15,15,15,4,-1,15,15,5,-1,-1,15,15,15,15,15,15,35,39,-1,-1,-1
20160318,-1,15,15,15,4,-1,15,15,5,-1,-1,15,15,15,15,15,15,35,39,-1,-1,-1
20160319,-1,15,15,15,4,-1,15,15,5,-1,-1,15,15,15,15,15,15,35,39,-1,-1,-1
20160320,-1,15,15,15,4,-1,15,15,5,-1,-1,15,15,15,15,15,15,35,39,-1,-1,-1
20160321,-1,15,15,15,4,-1,15,15,5,-1,-1,15,15,15,15,15,15,35,39,-1,-1,-1
20160322,-1,15,15,15,4,-1,15,15,5,-1,-1,15,15,15,15,15,15,35,39,-1,-1,-1
20160323,-1,15,15,15,4,-1,15,15,5,-1,-1,15,15,15,15,15,15,35,39,-1,-1,-1
20160324,-1,15,15,15,4,-1,15,15,5,-1,-1,15,15,15,15,15,15,35,39,-1,-1,-1
20160325,-1,15,15,15,4,-1,15,15,5,-1,-1,15,15,15,15,15,15,35,39,-1,-1,-1
20160326,-1,15,15,15,4,-1,15,15,5,-1,-1,15,15,15,15,15,15,35,39,-1,-1,-1
20160327,-1,15,15,15,4,-1,15,15,5,-1,-1,15,15,15,15,15,15,35,39,-1,-1,-1
20160328,-1,15,15,15,4,-1,15,15,5,-1,-1,15,15,15,15,15,15,35,39,-1,-1,-1
20160329,-1,15,15,15,4,-1,15,15,5,-1,-1,15,15,15,15,15,15,35,39,-1,-1,-1
20160330,-1,15,15,15,4,-1,15,15,5,-1,-1,15,15,15,15,15,15,35,39,-1,-1,-1
20160331,-1,15,15,15,4,-1,15,15,5,-1,-1,15,15,15,15,15,15,35,39,-1,-1,-1
20160401,-1,15,15,15,4,-1,15,15,5,-1,-1,15,15,15,15,15,15,35,39,-1,-1,-1
20160402,-1,15,15,15,4,-1,15,15,5,-1,-1,15,15,15,15,15,15,35,39,-1,-1,-1
20160403,-1,15,15,15,4,-1,15,15,5,-1,-1,15,15,15,15,15,15,35,39,-1,-1,-1
20160404,-1,15,15,15,4,-1,15,15,5,-1,-1,15,15,15,15,15,15,35,39,-1,-1,-1
20160405,-1,15,15,15,4,-1,15,15,5,-1,-1,15,15,15,15,15,15,35,39,-1,-1,-1
20160406,-1,15,15,15,4,-1,15,15,5,-1,-1,15,15,15,15,15,15,35,39,-1,-1,-1
20160407,-1,15,15,15,4,-1,15,15,5,-1,-1,15,15,15,15,15,15,35,39,-1,-1,-1
20160408,-1,15,15,-1,4,-1,15,15,5,-1,-1,15,15,15,15,15,15,35,39,-1,-1,-1
20160409,-1,15,15,15,4,-1,15,15,5,-1,-1,15,15,15,15,15,15,35,39,-1,-1,-1
20160410,-1,15,15,15,4,-1,15,15,5,-1,-1,15,15,15,15,15,15,35,39,-1,-1,-1
20160411,-1,15,15,15,4,-1,15,15,5,-1,-1,15,15,15,15,15,15,35,39,-1,-1,-1
20160412,-1,15,15,15,4,-1,15,-1,5,-1,-1,15,15,15,15,15,15,35,39,-1,-1,-1
20160413,-1,15,15,15,4,-1,15,-1,5,-1,-1,15,15,15,15,15,15,35,39,-1,-1,-1
20160414,-1,15,15,15,4,-1,15,-1,5,-1,-1,15,15,15,15,15,15,35,39,-1,-1,-1
20160415,-1,15,15,15,4,-1,15,-1,5,-1,-1,15,15,15,15,15,15,35,39,-1,-1,-1
20160416,-1,15,15,15,4,-1,15,-1,5,-1,-1,15,15,15,15,15,15,35,39,-1,-1,-1
20160417,-1,15,15,15,4,-1,15,-1,5,-1,-1,15,15,15,15,-1,15,35,39,-1,-1,-1
20160418,-1,15,15,15,4,-1,15,-1,5,-1,-1,15,15,15,15,15,15,35,39,-1,-1,-1
20160419,-1,15,15,15,4,-1,15,-1,5,-1,-1,15,15,15,15,15,15,35,39,-1,-1,-1
20160421,-1,15,15,15,4,-1,15,-1,5,-1,-1,15,15,15,15,15,15,35,39,-1,-1,-1
20160422,-1,15,15,15,4,-1,15,-1,5,-1,-1,15,15,15,15,15,15,35,39,-1,-1,-1
20160423,-1,15,15,15,4,-1,15,-1,5,-1,-1,15,15,15,15,15,15,35,39,-1,-1,-1
20160424,-1,15,15,15,4,-1,15,-1,5,-1,-1,15,15,15,15,15,15,35,39,-1,-1,-1
20160425,-1,15,15,15,4,-1,15,-1,5,-1,-1,15,15,15,15,15,15,35,39,-1,-1,-1
20160426,-1,15,15,15,4,-1,15,-1,5,-1,-1,15,15,15,15,15,15,35,39,-1,-1,-1
20160427,8,15,15,15,4,-1,15,-1,5,-1,-1,15,15,15,15,15,15,35,39,-1,-1,-1
20160428,8,15,15,15,4,-1,15,-1,5,-1,-1,15,15,15,15,15,15,35,39,-1,-1,-1
20160429,-1,-1,-1,-1,-1,-1,-1,-1,-1,-1,-1,-1,-1,-1,-1,-1,-1,-1,-1,-1,-1,-1
20160430,8,15,15,15,4,-1,15,-1,5,-1,-1,15,15,15,15,15,15,35,39,-1,-1,-1
20160501,8,15,15,15,4,-1,15,-1,5,-1,-1,15,15,15,15,15,15,35,39,-1,-1,-1
20160502,8,15,15,15,4,-1,15,-1,5,-1,-1,15,15,15,15,15,15,35,39,-1,-1,-1
20160503,8,15,15,15,4,-1,15,-1,5,-1,-1,15,15,15,15,15,15,35,39,-1,-1,-1
20160504,8,15,15,15,-1,-1,15,-1,5,-1,-1,15,15,15,15,15,15,35,39,-1,-1,-1
20160505,8,15,15,15,-1,-1,15,-1,5,-1,-1,15,15,15,15,15,15,35,39,-1,-1,-1
20160506,8,15,15,15,-1,-1,15,-1,5,-1,-1,15,15,15,15,15,15,35,39,-1,-1,-1
20160507,8,15,15,15,-1,-1,15,-1,5,-1,-1,15,15,15,15,15,15,35,39,-1,-1,-1
20160508,8,15,15,15,-1,-1,15,-1,5,-1,-1,15,15,15,15,15,15,35,39,-1,-1,-1
20160509,8,15,15,15,-1,-1,15,-1,5,-1,-1,15,15,15,15,15,15,35,39,-1,-1,-1
20160511,-1,-1,-1,-1,-1,-1,-1,-1,-1,-1,-1,-1,-1,-1,-1,-1,-1,-1,-1,-1,-1,-1
20160512,8,15,15,15,4,-1,15,-1,5,-1,-1,15,15,15,15,15,15,35,39,-1,-1,-1
20160513,8,15,15,15,4,-1,15,-1,5,-1,-1,15,15,15,15,15,15,35,39,-1,-1,-1
20160514,8,15,15,15,4,-1,15,-1,5,-1,-1,15,15,15,15,15,15,35,39,-1,-1,-1
20160515,8,15,15,15,4,-1,15,-1,5,-1,-1,15,15,15,15,15,15,35,39,-1,-1,-1
20160516,8,15,15,15,4,-1,15,-1,5,-1,-1,15,15,15,15,15,15,35,39,-1,-1,-1
20160517,8,15,15,15,4,-1,15,-1,5,-1,-1,15,15,15,15,15,15,35,39,-1,-1,-1
20160518,8,15,15,15,-1,-1,15,-1,5,-1,-1,15,15,15,15,15,15,35,39,-1,-1,-1
20160519,8,15,15,15,-1,-1,15,-1,5,-1,-1,15,15,15,15,15,15,35,39,-1,-1,-1
20160520,8,15,15,15,-1,-1,15,-1,5,-1,-1,15,15,15,15,15,15,35,39,-1,-1,-1
20160521,8,15,15,15,4,-1,15,-1,5,-1,-1,15,15,15,15,15,15,35,39,-1,-1,-1
20160522,8,15,15,15,4,-1,15,-1,5,-1,-1,15,15,15,15,15,15,35,39,-1,-1,-1
20160523,8,15,15,15,4,-1,15,-1,5,-1,-1,-1,15,15,15,15,15,35,39,-1,-1,-1
20160524,8,15,15,15,4,-1,15,-1,5,-1,-1,-1,15,15,15,15,15,35,39,-1,-1,-1
20160525,8,15,15,15,4,-1,15,-1,5,-1,-1,-1,15,15,15,15,15,35,39,-1,-1,-1
20160526,8,15,15,15,4,-1,15,-1,5,-1,-1,-1,15,-1,15,15,15,35,39,-1,-1,-1
20160527,8,15,15,15,4,-1,15,-1,5,-1,-1,-1,15,15,15,15,15,35,39,-1,-1,-1
20160528,8,15,15,15,4,-1,15,-1,5,-1,-1,-1,15,15,15,15,15,35,39,-1,-1,-1
20160529,8,15,15,15,4,-1,15,-1,5,-1,-1,-1,15,15,15,15,15,35,39,-1,-1,-1
20160530,8,15,15,-1,4,-1,15,-1,5,-1,-1,-1,15,15,15,15,15,35,39,-1,-1,-1
20160531,8,15,15,15,4,-1,15,-1,5,-1,-1,-1,15,15,15,15,15,35,39,-1,-1,-1
20160601,8,15,15,15,4,-1,15,-1,5,-1,-1,-1,15,15,15,15,15,35,39,-1,-1,-1
20160602,8,15,15,15,4,-1,15,-1,5,-1,-1,-1,15,15,15,15,15,35,39,-1,-1,-1
20160603,8,15,15,15,4,-1,15,-1,5,-1,-1,-1,15,15,15,15,15,35,39,-1,-1,-1
20160604,8,15,15,15,4,-1,15,-1,5,-1,-1,-1,15,15,15,15,15,35,39,-1,-1,-1
20160605,8,15,15,15,4,-1,15,-1,5,-1,-1,-1,15,15,15,15,15,35,39,-1,-1,-1
20160606,8,15,15,15,4,-1,15,-1,5,-1,-1,-1,15,15,15,15,15,35,39,-1,-1,-1
20160607,8,15,15,15,4,-1,15,-1,5,-1,-1,-1,15,15,15,15,15,35,39,-1,-1,-1
20160608,8,15,15,15,4,-1,15,-1,5,-1,-1,-1,15,15,15,15,15,35,39,-1,-1,-1
20160609,8,15,15,15,4,-1,15,-1,5,-1,-1,-1,15,15,15,15,15,35,39,-1,-1,-1
20160610,8,15,15,15,4,-1,15,-1,5,-1,-1,-1,15,15,15,15,15,35,39,-1,-1,-1
20160611,8,15,15,15,4,-1,15,-1,5,-1,-1,-1,15,15,15,15,15,35,39,-1,-1,-1
20160612,8,15,15,15,4,-1,15,-1,5,-1,-1,-1,15,15,15,15,15,35,39,-1,-1,-1
20160613,8,15,15,15,4,-1,15,-1,5,-1,-1,-1,15,15,15,15,15,35,39,-1,-1,-1
20160614,8,15,15,15,4,-1,15,-1,5,-1,-1,-1,15,15,15,15,15,35,39,-1,-1,-1
20160615,8,15,15,15,4,-1,15,-1,5,-1,-1,-1,15,15,15,15,15,35,39,-1,-1,-1
20160616,8,15,15,4,4,-1,15,-1,5,-1,-1,-1,15,15,15,15,15,35,39,-1,-1,-1
20160617,8,15,15,4,4,-1,15,-1,5,-1,-1,-1,15,15,15,15,15,35,39,-1,-1,-1
20160618,8,15,15,4,4,-1,15,-1,5,-1,-1,-1,15,15,15,15,15,35,39,-1,-1,-1
20160619,8,15,15,4,4,-1,15,-1,5,-1,-1,15,15,15,15,15,15,35,39,-1,-1,-1
20160620,8,15,15,4,4,-1,15,-1,5,-1,-1,15,15,15,15,15,15,35,39,-1,-1,-1
20160621,8,15,15,4,4,-1,15,-1,5,-1,-1,-1,15,15,15,15,15,35,39,-1,-1,-1
20160622,8,15,15,4,4,-1,15,-1,5,-1,-1,-1,15,15,15,15,15,35,39,-1,-1,-1
20160623,8,15,15,4,4,-1,15,-1,5,-1,-1,-1,15,15,15,15,15,35,39,-1,-1,-1
20160624,8,15,15,4,4,-1,15,-1,5,-1,-1,-1,15,15,15,15,15,35,39,-1,-1,-1
20160625,8,15,15,4,4,-1,15,-1,5,-1,-1,-1,15,15,15,15,15,35,39,-1,-1,-1
20160626,8,15,15,4,4,-1,15,-1,5,-1,-1,-1,15,15,15,15,15,35,39,-1,-1,-1
20160627,8,15,15,4,4,-1,15,-1,5,-1,-1,-1,15,15,15,15,15,35,39,-1,-1,-1
20160628,8,15,15,4,4,-1,15,-1,5,-1,-1,-1,15,15,15,15,15,35,39,-1,-1,-1
20160629,8,15,15,4,4,-1,15,-1,5,-1,-1,-1,15,15,15,15,15,35,39,-1,-1,-1
20160630,8,15,15,4,4,-1,15,-1,5,-1,-1,-1,15,-1,15,15,15,35,39,-1,-1,-1
20160701,8,15,15,4,4,-1,15,-1,5,-1,-1,-1,15,15,15,15,15,35,39,-1,-1,-1
20160702,8,15,15,4,4,-1,15,-1,5,-1,-1,-1,15,15,15,15,15,35,39,-1,-1,-1
20160703,8,15,15,4,4,-1,15,-1,5,-1,-1,-1,15,15,15,15,15,35,39,-1,-1,-1
20160704,8,15,15,4,4,-1,15,-1,5,-1,-1,-1,15,15,15,15,15,35,39,-1,-1,-1
20160705,8,15,15,4,4,-1,15,-1,5,-1,-1,-1,15,15,15,15,15,35,39,-1,-1,-1
20160706,8,15,15,4,4,-1,15,-1,5,-1,-1,-1,15,15,15,15,15,35,39,-1,-1,-1
20160707,8,15,15,4,4,-1,15,-1,5,-1,-1,-1,15,15,15,15,15,35,39,-1,-1,-1
20160708,8,15,15,4,4,-1,15,-1,5,-1,-1,-1,15,15,15,15,15,35,39,-1,-1,-1
20160709,8,15,15,4,4,-1,15,-1,5,-1,-1,-1,15,15,15,15,15,35,39,-1,-1,-1
20160710,8,15,15,4,4,-1,15,-1,5,-1,-1,-1,15,15,15,15,15,35,39,-1,-1,-1
20160711,8,15,15,4,4,-1,15,-1,5,-1,-1,-1,15,15,15,15,15,35,39,-1,-1,-1
20160712,8,15,15,4,4,-1,15,-1,5,-1,-1,-1,15,15,15,15,15,35,39,-1,-1,-1
20160713,8,15,15,4,4,-1,15,-1,5,-1,-1,-1,15,15,15,15,15,35,39,-1,-1,-1
20160714,8,15,15,4,4,-1,15,-1,5,-1,-1,-1,15,15,15,15,15,35,39,-1,-1,-1
20160715,8,15,15,4,4,-1,15,-1,5,-1,-1,-1,15,15,15,15,15,35,39,-1,-1,-1
20160716,8,15,15,4,4,-1,15,-1,5,-1,-1,-1,15,15,15,15,15,35,39,-1,-1,-1
20160717,8,15,15,4,4,-1,15,-1,5,-1,-1,-1,15,15,15,15,15,35,39,-1,-1,-1
20160718,8,15,15,4,4,-1,15,-1,5,-1,-1,-1,15,15,15,15,15,35,39,-1,-1,-1
20160719,8,15,15,4,4,-1,15,-1,5,-1,-1,-1,15,15,15,15,15,35,39,-1,-1,-1
20160720,8,15,15,4,4,-1,15,-1,5,-1,-1,-1,15,15,15,15,15,35,39,-1,-1,-1
20160721,8,15,15,5,4,-1,15,-1,5,-1,-1,-1,15,15,15,15,15,35,39,-1,-1,-1
20160722,8,15,15,5,4,-1,15,-1,5,-1,-1,-1,15,15,15,15,15,35,39,-1,-1,-1
20160723,8,15,15,5,4,-1,15,-1,5,-1,-1,-1,15,15,15,15,15,35,39,-1,-1,-1
20160724,8,15,15,5,4,-1,15,-1,5,-1,-1,-1,15,15,15,15,15,35,39,-1,-1,-1
20160725,8,15,15,5,4,-1,15,-1,5,-1,-1,-1,15,15,15,15,15,35,39,-1,-1,-1
20160726,8,15,15,5,4,-1,15,-1,5,-1,-1,-1,15,15,15,15,15,35,39,-1,-1,-1
20160727,8,15,15,5,4,-1,15,-1,5,-1,-1,-1,15,15,15,15,15,35,39,-1,-1,-1
20160728,8,15,15,5,4,-1,15,-1,5,-1,-1,-1,15,15,15,15,15,35,39,-1,-1,-1
20160729,8,15,15,5,4,-1,15,-1,5,-1,-1,-1,15,15,15,15,15,35,39,-1,-1,-1
20160730,8,15,15,5,4,-1,15,-1,5,-1,-1,-1,15,15,15,15,15,35,39,-1,-1,-1
20160731,8,15,15,5,4,-1,15,-1,5,-1,-1,-1,15,15,15,15,15,35,39,-1,-1,-1
20160801,8,15,15,5,4,-1,15,-1,5,-1,-1,-1,15,15,15,15,15,35,39,-1,-1,-1
20160802,8,15,15,5,4,-1,15,-1,5,-1,-1,-1,15,15,15,15,15,35,39,-1,-1,-1
20160803,8,15,15,5,4,-1,15,-1,5,-1,-1,-1,15,15,15,15,15,35,39,-1,-1,-1
20160804,8,15,15,5,4,-1,15,-1,5,-1,-1,-1,15,15,15,15,15,35,39,-1,-1,-1
20160805,8,15,15,5,4,-1,15,-1,5,-1,-1,-1,15,15,15,15,15,35,39,-1,-1,-1
20160806,8,15,15,5,4,-1,15,-1,5,-1,-1,-1,15,15,15,15,15,35,39,-1,-1,-1
20160807,8,15,15,5,4,-1,15,-1,5,-1,-1,-1,15,15,15,15,15,35,39,-1,-1,-1
20160808,8,15,15,5,4,-1,15,-1,5,-1,-1,-1,15,15,15,15,15,35,39,-1,-1,-1
20160809,8,15,15,5,4,-1,15,-1,5,-1,-1,-1,15,15,15,15,15,35,39,-1,-1,-1
20160810,8,15,15,5,4,-1,15,-1,5,-1,-1,-1,15,15,15,15,15,35,39,-1,-1,-1
20160811,8,15,15,5,4,-1,15,-1,5,-1,-1,-1,15,15,15,15,15,35,39,-1,-1,-1
20160812,8,15,15,5,4,-1,15,-1,5,-1,-1,-1,15,15,15,15,15,35,39,-1,-1,-1
20160813,8,15,15,5,4,-1,15,-1,5,-1,-1,-1,15,15,15,15,15,35,39,-1,-1,-1
20160814,8,15,15,5,4,-1,15,-1,5,-1,-1,-1,15,15,15,15,15,35,39,-1,-1,-1
20160815,8,15,15,5,4,-1,15,-1,5,-1,-1,-1,15,15,15,15,15,35,39,-1,-1,-1
20160816,8,15,15,5,4,-1,15,-1,5,-1,-1,-1,15,15,15,15,15,35,39,-1,-1,-1
20160817,8,15,15,5,4,-1,15,-1,5,-1,-1,-1,15,15,15,15,15,35,39,-1,-1,-1
20160818,8,15,15,5,4,-1,-1,-1,5,-1,-1,-1,15,15,15,15,15,35,39,-1,-1,-1
20160819,8,15,15,5,4,-1,15,-1,5,-1,-1,-1,15,15,15,15,15,35,39,-1,-1,-1
20160820,8,15,15,5,4,-1,15,-1,5,-1,-1,-1,15,15,15,15,15,35,39,-1,-1,-1
20160821,8,15,15,5,4,-1,15,-1,5,-1,-1,-1,15,15,15,15,15,35,39,-1,-1,-1
20160822,8,15,15,5,4,-1,15,-1,5,-1,-1,-1,15,15,15,15,15,35,39,-1,-1,-1
20160823,8,15,15,5,4,-1,15,-1,5,-1,-1,15,15,15,15,15,15,35,39,-1,-1,-1
20160824,8,15,15,5,4,-1,15,-1,5,-1,-1,15,15,-1,15,15,15,35,39,-1,-1,-1
20160825,8,15,15,5,4,-1,15,-1,5,-1,-1,15,15,15,15,15,15,35,39,-1,-1,-1
20160826,8,15,15,5,4,-1,15,-1,5,-1,-1,15,15,15,15,15,15,35,39,-1,-1,-1
20160827,8,15,15,5,4,-1,15,-1,5,-1,-1,15,15,15,15,15,15,35,39,-1,-1,-1
20160828,8,15,15,5,4,-1,15,-1,5,-1,-1,15,15,15,15,15,15,35,39,-1,-1,-1
20160829,8,15,15,5,4,-1,15,-1,5,-1,-1,15,15,15,15,15,15,35,39,-1,-1,-1
20160830,8,15,15,5,4,-1,15,-1,5,-1,-1,15,15,15,15,15,15,35,39,-1,-1,-1
20160831,8,15,15,5,4,-1,15,-1,5,-1,-1,15,15,-1,15,15,15,35,39,-1,-1,-1
20160901,8,15,15,5,4,-1,15,-1,5,-1,-1,15,15,15,15,15,15,35,39,-1,-1,-1
20160902,8,15,15,5,4,-1,15,-1,5,-1,-1,15,15,15,15,15,15,35,39,-1,-1,-1
20160903,8,15,15,5,4,-1,15,-1,5,-1,-1,15,15,-1,15,15,15,35,39,-1,-1,-1
20160904,8,15,15,5,4,-1,15,-1,5,-1,-1,15,15,15,15,15,15,35,39,-1,-1,-1
20160905,8,15,15,5,4,-1,15,-1,5,-1,-1,15,15,15,15,15,15,35,39,-1,-1,-1
20160906,8,15,15,5,4,-1,15,-1,5,-1,-1,15,15,15,15,15,15,35,39,-1,-1,-1
20160907,8,15,15,5,4,-1,15,-1,5,-1,-1,15,15,15,15,15,15,35,39,-1,-1,-1
20160908,8,15,15,5,4,-1,15,-1,5,-1,-1,15,15,15,15,15,15,35,39,-1,-1,-1
20160909,8,15,15,5,4,-1,15,-1,5,-1,-1,15,15,15,15,15,15,35,39,-1,-1,-1
20160910,8,15,15,5,4,-1,15,-1,5,-1,-1,15,15,15,15,15,15,35,39,-1,-1,-1
20160911,8,15,15,5,4,-1,15,-1,5,-1,-1,15,15,15,15,15,15,35,39,-1,-1,-1
20160912,8,15,15,5,4,-1,15,-1,5,-1,-1,15,15,15,15,15,15,35,39,-1,-1,-1
20160913,8,15,15,5,4,-1,15,-1,5,-1,-1,15,15,15,15,15,15,35,39,-1,-1,-1
20160914,8,15,15,5,4,-1,15,-1,5,-1,-1,15,15,15,15,15,15,-1,39,-1,-1,-1
20160915,8,15,15,5,4,-1,15,-1,5,-1,-1,15,15,15,15,15,15,35,39,-1,-1,-1
20160916,8,15,15,5,4,-1,15,-1,5,-1,-1,15,15,15,15,15,15,35,39,-1,-1,-1
20160917,8,15,15,5,4,-1,15,-1,5,-1,-1,15,15,15,15,15,15,35,39,-1,-1,-1
20160918,8,15,15,5,4,-1,15,-1,5,-1,-1,15,15,15,15,15,15,35,39,-1,-1,-1
20160919,8,15,15,5,4,-1,15,-1,5,-1,-1,15,15,15,15,15,15,35,39,-1,-1,-1
20160920,8,15,15,5,4,-1,15,-1,5,-1,-1,15,15,15,15,15,15,35,39,-1,-1,-1
20160921,8,15,15,5,4,-1,15,-1,5,-1,-1,15,15,15,15,15,15,35,39,-1,-1,-1
20160922,8,15,15,5,4,-1,15,-1,5,-1,-1,15,15,15,15,15,15,35,39,-1,-1,-1
20160923,8,15,15,5,4,-1,15,-1,5,-1,-1,15,15,15,15,15,15,35,39,-1,-1,-1
20160924,8,15,15,5,4,-1,15,-1,5,-1,-1,15,15,15,15,15,15,35,39,-1,-1,-1
20160925,8,15,15,5,4,-1,15,-1,5,-1,-1,15,15,15,15,15,15,35,39,-1,-1,-1
20160926,8,15,15,5,4,-1,15,-1,5,-1,-1,15,15,15,15,15,15,35,39,-1,-1,-1
20160927,8,15,15,5,4,-1,15,-1,5,-1,-1,15,15,15,15,15,15,35,39,-1,-1,-1
20160928,8,15,15,5,4,-1,15,-1,5,-1,-1,15,15,15,15,15,15,35,39,-1,-1,-1
20160929,8,15,15,5,4,-1,15,-1,5,-1,-1,15,15,15,15,15,15,35,39,-1,-1,-1
20160930,8,15,15,5,4,-1,15,-1,5,-1,-1,15,15,15,15,15,15,35,39,-1,-1,-1
20161001,8,15,15,5,4,-1,15,-1,5,-1,-1,15,15,15,15,15,15,35,39,-1,-1,-1
20161002,8,15,15,5,4,-1,15,-1,5,-1,-1,15,15,15,15,15,15,35,39,-1,-1,-1
20161003,8,15,15,5,4,-1,15,-1,5,-1,-1,15,15,15,15,15,15,35,39,-1,-1,-1
20161004,8,15,15,5,4,-1,15,-1,5,-1,-1,15,15,15,15,15,15,35,39,-1,-1,-1
20161005,8,15,15,5,4,-1,15,-1,5,-1,-1,15,15,15,15,15,15,35,39,-1,-1,-1
20161006,8,15,15,5,4,-1,15,-1,5,-1,-1,15,15,15,15,15,15,35,39,-1,-1,-1
20161007,8,15,15,5,4,-1,15,-1,5,-1,-1,15,15,15,15,15,15,35,39,-1,-1,-1
20161008,8,15,15,5,4,-1,15,-1,5,-1,-1,15,15,15,15,15,15,35,39,-1,-1,-1
20161009,8,15,15,5,4,-1,15,-1,5,-1,-1,15,15,15,15,15,15,35,39,-1,-1,-1
20161010,8,15,15,5,4,-1,15,-1,5,-1,-1,15,15,15,15,15,15,35,39,-1,-1,-1
20161011,8,15,15,5,4,-1,15,-1,5,-1,-1,15,15,15,15,15,15,35,39,-1,-1,-1
20161012,8,15,15,5,4,-1,15,-1,5,-1,-1,15,15,15,15,15,15,35,39,-1,-1,-1
20161013,8,15,15,5,4,-1,15,-1,5,-1,-1,15,15,15,15,15,15,35,39,-1,-1,-1
20161014,8,15,15,5,4,-1,15,-1,5,-1,-1,15,15,15,15,15,15,35,39,-1,-1,-1
20161015,8,15,15,5,4,-1,15,-1,5,-1,-1,15,15,15,15,15,15,35,39,-1,-1,-1
20161016,8,15,15,5,4,-1,15,-1,5,-1,-1,15,15,15,15,15,15,35,39,-1,-1,-1
20161017,8,15,15,5,4,-1,15,-1,5,-1,-1,15,15,15,15,15,15,35,39,-1,-1,-1
20161018,8,15,15,5,4,-1,15,-1,5,-1,-1,15,15,15,15,15,15,35,39,-1,-1,-1
20161019,8,15,15,5,4,-1,15,-1,5,-1,-1,15,15,15,15,15,15,35,39,-1,-1,-1
20161020,8,15,15,5,4,-1,15,-1,5,-1,-1,-1,15,15,15,15,15,35,39,-1,-1,-1
20161021,8,15,15,5,4,-1,15,-1,5,-1,-1,-1,15,15,15,15,15,35,39,-1,-1,-1
20161022,8,15,15,5,4,-1,15,-1,5,-1,-1,-1,15,15,15,15,15,35,39,-1,-1,-1
20161023,8,15,15,5,4,-1,15,-1,5,-1,-1,-1,15,15,15,15,15,35,39,-1,-1,-1
20161024,8,15,15,5,4,-1,15,-1,5,-1,-1,-1,15,15,15,15,15,35,39,-1,-1,-1
20161025,8,15,15,5,4,-1,15,-1,5,-1,-1,-1,15,15,15,15,15,35,39,-1,-1,-1
20161026,8,15,15,5,4,-1,15,-1,5,-1,-1,-1,15,15,15,15,15,35,39,-1,-1,-1
20161027,8,15,15,5,4,-1,15,-1,5,-1,-1,-1,15,15,15,15,15,35,39,-1,-1,-1
20161028,8,15,15,5,4,-1,15,-1,5,-1,-1,-1,15,15,15,15,15,35,39,-1,-1,-1
20161029,8,15,15,5,4,-1,15,-1,5,-1,-1,-1,15,15,15,15,15,35,39,-1,-1,-1
20161030,8,15,15,5,4,-1,15,-1,5,-1,-1,-1,15,15,15,15,15,35,39,-1,-1,-1
20161031,8,15,15,5,4,-1,15,-1,5,-1,-1,-1,15,15,15,15,15,35,39,-1,-1,-1
20161101,8,15,15,-1,4,-1,15,-1,5,-1,-1,-1,15,15,15,15,15,35,39,-1,-1,-1
20161102,8,15,15,5,4,-1,15,-1,5,-1,-1,-1,15,15,15,15,15,35,39,-1,-1,-1
20161103,8,15,15,5,4,-1,15,-1,5,-1,-1,-1,15,15,15,15,15,35,39,-1,-1,-1
20161104,8,15,15,5,4,-1,15,-1,5,-1,-1,-1,15,15,15,15,15,35,39,-1,-1,-1
20161105,8,15,15,5,4,-1,15,-1,5,-1,-1,-1,15,15,15,15,15,35,39,-1,-1,-1
20161106,8,15,15,5,4,-1,15,-1,5,-1,-1,-1,15,15,15,15,15,35,39,-1,-1,-1
20161107,8,15,15,5,4,-1,15,-1,5,-1,-1,-1,15,15,15,15,15,35,39,-1,-1,-1
20161108,8,15,15,5,4,-1,15,-1,5,-1,-1,-1,15,15,15,15,15,35,39,-1,-1,-1
20161109,-1,15,15,5,4,-1,15,-1,5,-1,-1,-1,15,15,15,15,15,35,39,-1,-1,-1
20161110,8,15,15,5,4,-1,15,-1,5,-1,-1,-1,15,15,15,15,15,35,39,-1,-1,-1
20161111,8,15,15,5,4,-1,15,-1,5,-1,-1,-1,15,15,15,15,15,35,39,-1,-1,-1
20161112,8,15,15,5,4,-1,15,-1,5,-1,-1,-1,15,15,15,15,15,35,39,-1,-1,-1
20161113,8,15,15,5,4,-1,15,-1,5,-1,-1,-1,15,15,15,15,15,35,39,-1,-1,-1
20161114,8,15,15,5,4,-1,15,-1,5,-1,-1,-1,15,15,15,15,15,35,39,-1,-1,-1
20161115,8,15,15,5,4,-1,15,-1,5,-1,-1,-1,15,15,15,15,15,35,39,-1,-1,-1
20161116,8,15,15,5,4,-1,15,-1,5,-1,-1,-1,15,15,15,15,15,35,39,-1,-1,-1
20161117,8,15,15,5,4,-1,15,-1,5,-1,-1,-1,15,15,15,15,15,-1,39,-1,-1,-1
20161118,8,15,15,5,4,-1,15,-1,5,-1,-1,-1,15,15,15,15,15,-1,39,-1,-1,-1
20161119,8,15,15,5,4,-1,15,-1,5,-1,-1,-1,15,15,15,15,15,-1,39,-1,-1,-1
20161120,8,15,15,5,4,-1,15,-1,5,-1,-1,-1,15,15,15,15,15,-1,39,-1,-1,-1
20161121,8,15,15,5,4,-1,15,-1,5,-1,-1,-1,15,15,15,15,15,-1,39,-1,-1,-1
20161122,8,15,15,5,4,-1,15,-1,5,-1,-1,-1,15,15,15,15,15,-1,39,-1,-1,-1
20161123,8,15,15,5,4,-1,15,-1,5,-1,-1,-1,15,15,15,15,15,-1,39,-1,-1,-1
20161124,8,15,15,5,4,-1,15,-1,5,-1,-1,-1,15,15,15,15,15,-1,39,-1,-1,-1
20161125,8,15,15,5,4,-1,15,-1,5,-1,-1,-1,15,15,15,15,15,-1,39,-1,-1,-1
20161126,8,15,15,5,4,-1,15,-1,5,-1,-1,-1,15,15,15,15,15,-1,39,-1,-1,-1
20161127,8,15,15,5,4,-1,15,-1,5,-1,-1,-1,15,15,15,15,15,-1,39,-1,-1,-1
20161128,8,15,15,5,4,-1,15,-1,5,-1,-1,-1,15,15,15,15,15,-1,39,-1,-1,-1
20161129,8,15,15,5,4,-1,15,-1,5,-1,-1,-1,15,15,15,15,15,-1,39,-1,-1,-1
20161130,8,15,15,5,4,-1,15,-1,5,-1,-1,-1,15,15,15,15,15,-1,39,-1,-1,-1
20161201,8,15,15,5,4,-1,15,-1,5,-1,-1,-1,15,15,15,15,15,-1,39,-1,-1,-1
20161202,8,15,15,5,4,-1,15,-1,5,-1,-1,-1,15,15,15,15,15,-1,39,-1,-1,-1
20161203,8,15,15,5,4,-1,15,-1,5,-1,-1,-1,15,15,15,15,15,-1,39,-1,-1,-1
20161204,8,15,15,5,4,-1,15,-1,5,-1,-1,-1,15,15,15,15,15,-1,39,-1,-1,-1
20161205,8,-1,15,5,4,-1,15,-1,5,-1,-1,-1,15,15,15,15,15,-1,39,-1,-1,-1
20161206,8,15,15,5,4,-1,15,-1,5,-1,-1,-1,15,15,15,15,15,-1,39,-1,-1,-1
20161207,8,-1,15,5,4,-1,15,-1,5,-1,-1,-1,15,15,15,15,15,-1,39,-1,-1,-1
20161208,8,15,15,5,4,-1,15,-1,5,-1,-1,-1,15,15,15,15,15,-1,39,-1,-1,-1
20161209,8,15,15,5,4,-1,15,-1,5,-1,-1,-1,15,15,15,15,15,-1,42,-1,-1,-1
20161210,8,15,15,5,4,-1,15,-1,5,-1,-1,-1,15,15,15,15,15,-1,42,-1,-1,-1
20161211,8,15,15,5,4,-1,15,-1,5,-1,-1,-1,15,15,15,15,15,-1,42,-1,-1,-1
20170106,8,15,15,5,4,3,15,-1,5,-1,-1,-1,15,15,15,15,15,-1,42,-1,-1,-1
20170107,8,15,15,5,4,3,15,-1,5,-1,-1,-1,15,15,15,15,15,-1,42,-1,-1,-1
20170108,8,15,15,5,4,3,15,-1,5,-1,-1,-1,15,15,15,15,15,-1,42,-1,-1,-1
20170109,8,15,15,5,4,-1,15,-1,5,-1,-1,-1,15,15,15,15,15,-1,42,-1,-1,-1
20170110,8,15,15,5,4,-1,15,-1,5,-1,-1,-1,15,15,15,15,15,-1,42,-1,-1,-1
20170111,8,15,15,5,4,3,15,-1,5,-1,-1,-1,15,15,15,15,15,-1,42,-1,-1,-1
20170112,8,15,15,5,4,3,15,-1,5,-1,-1,-1,15,15,15,15,15,-1,42,-1,-1,-1
20170113,8,15,15,-1,4,3,15,-1,5,-1,-1,-1,15,15,15,15,15,-1,42,-1,-1,-1
20170114,8,15,15,-1,4,-1,15,-1,5,-1,-1,-1,15,15,15,15,15,-1,42,-1,-1,-1
20170115,8,15,15,-1,4,3,15,-1,5,-1,-1,-1,15,15,15,15,15,-1,42,-1,-1,-1
20170116,8,15,15,5,4,3,15,-1,5,-1,-1,-1,15,15,15,15,15,-1,42,-1,-1,-1
20170117,8,15,15,5,4,3,15,-1,5,-1,-1,-1,15,15,15,15,15,-1,42,-1,-1,-1
20170118,8,15,15,-1,4,3,15,-1,5,-1,-1,-1,15,15,15,15,15,-1,42,-1,-1,-1
20170119,8,15,15,5,4,3,15,-1,5,-1,-1,-1,15,15,15,15,15,-1,42,-1,-1,-1
20170120,8,15,15,5,4,3,15,-1,5,-1,-1,-1,15,15,15,15,15,-1,42,-1,-1,-1
20170121,8,15,15,5,4,3,15,-1,5,-1,-1,-1,15,15,15,15,15,-1,42,-1,-1,-1
20170122,8,15,15,5,4,3,15,-1,5,-1,-1,-1,15,15,15,15,15,-1,42,-1,-1,-1
20170123,8,15,15,5,4,3,15,-1,5,-1,-1,-1,15,15,15,15,15,-1,42,-1,-1,-1
20170124,8,15,15,5,4,3,15,-1,5,-1,-1,-1,15,15,15,15,15,-1,42,-1,-1,-1
20170125,8,15,15,5,4,3,15,-1,5,-1,-1,-1,15,15,15,15,15,-1,42,-1,-1,-1
20170126,8,15,15,5,4,3,15,-1,5,-1,-1,-1,15,15,15,15,15,-1,42,-1,-1,-1
20170127,8,15,15,5,4,3,15,-1,5,-1,-1,-1,15,15,15,15,15,-1,42,-1,-1,-1
20170128,8,15,15,5,4,3,15,-1,5,-1,-1,-1,15,15,15,15,15,-1,42,-1,-1,-1
20170129,8,15,15,5,4,3,15,-1,5,-1,-1,-1,15,15,15,15,15,-1,42,-1,-1,-1
20170130,8,15,15,5,4,3,15,-1,5,-1,-1,-1,15,15,15,15,15,-1,42,-1,-1,-1
20170131,8,15,15,5,4,3,15,-1,5,-1,-1,-1,15,15,15,15,15,-1,42,-1,-1,-1
20170201,8,15,15,5,4,3,15,-1,5,-1,-1,-1,15,15,15,15,15,-1,42,-1,-1,-1
20170202,8,15,15,5,4,3,15,-1,5,-1,-1,-1,15,15,15,15,15,-1,42,-1,-1,-1
20170203,8,15,15,-1,4,3,15,-1,-1,-1,-1,-1,15,15,15,15,15,-1,42,-1,-1,-1
20170204,8,15,15,5,4,3,15,-1,5,-1,-1,-1,15,15,15,15,15,-1,42,-1,-1,-1
20170205,8,15,15,5,4,3,15,-1,5,-1,-1,-1,15,15,15,15,15,-1,42,-1,-1,-1
20170206,8,15,15,5,4,3,15,-1,5,-1,-1,-1,15,15,15,15,15,-1,42,-1,-1,-1
20170207,8,15,15,5,4,3,15,-1,5,-1,-1,-1,15,15,15,15,15,-1,42,-1,-1,-1
20170208,8,15,15,5,4,3,15,-1,5,-1,-1,-1,15,15,15,15,15,-1,42,-1,-1,-1
20170209,8,15,15,5,4,3,15,-1,5,-1,-1,-1,15,15,15,15,15,-1,42,-1,-1,-1
20170210,8,15,15,5,4,3,15,-1,5,-1,-1,-1,15,15,15,15,15,-1,42,-1,-1,-1
20170211,8,15,15,5,4,3,15,-1,5,-1,-1,-1,15,15,15,15,15,-1,42,-1,-1,-1
20170212,8,15,15,5,4,3,15,-1,5,-1,-1,-1,15,15,15,15,15,-1,42,-1,-1,-1
20170213,8,15,15,5,4,3,15,-1,5,-1,-1,-1,15,15,15,15,15,-1,42,-1,-1,-1
20170214,8,-1,15,5,4,3,15,-1,5,-1,-1,-1,15,15,15,15,15,-1,42,-1,-1,-1
20170215,8,-1,15,5,-1,3,15,-1,5,-1,-1,-1,15,15,15,15,15,-1,42,-1,-1,-1
20170216,8,15,15,5,4,3,15,-1,5,-1,-1,-1,15,15,15,15,15,-1,42,-1,-1,-1
20170217,8,15,15,5,4,3,15,-1,5,-1,-1,-1,15,15,15,15,15,-1,42,-1,-1,-1
20170218,8,15,15,5,4,3,15,-1,5,-1,-1,-1,15,15,15,15,15,-1,42,-1,-1,-1
20170219,8,15,15,5,4,3,15,-1,5,-1,-1,-1,15,15,15,15,15,-1,42,-1,-1,-1
20170220,8,15,15,5,4,3,15,-1,5,-1,-1,-1,15,15,15,15,15,-1,42,-1,-1,-1
20170221,8,15,15,5,4,3,15,-1,5,-1,-1,-1,15,15,15,15,15,-1,42,-1,-1,-1
20170222,8,15,15,5,4,3,15,-1,5,-1,-1,-1,15,15,15,15,15,-1,42,-1,-1,-1
20170223,8,15,15,5,4,3,15,-1,5,-1,-1,-1,15,15,15,15,15,-1,42,-1,-1,-1
20170224,8,15,15,5,4,3,15,-1,-1,-1,-1,-1,15,15,15,15,15,-1,42,-1,-1,-1
20170225,8,15,15,5,4,3,15,-1,5,-1,-1,-1,15,15,15,15,15,-1,42,-1,-1,-1
20170226,8,15,15,5,4,3,15,-1,5,-1,-1,-1,15,15,15,15,15,-1,42,-1,-1,-1
20170227,8,15,15,5,4,3,15,-1,5,-1,-1,-1,15,15,15,15,15,-1,42,-1,-1,-1
20170228,8,15,15,5,4,3,15,-1,5,-1,-1,-1,15,15,15,15,15,-1,42,-1,-1,-1
20170301,8,15,15,5,4,3,15,-1,5,-1,-1,-1,15,15,15,15,15,-1,42,-1,-1,-1
20170302,8,15,15,5,4,3,15,-1,5,-1,-1,-1,15,15,15,15,15,-1,42,-1,-1,-1
20170303,8,15,15,5,4,3,15,-1,5,-1,-1,-1,15,15,15,15,15,-1,42,-1,-1,-1
20170304,8,15,15,5,4,3,15,-1,5,-1,-1,-1,15,15,15,15,15,-1,42,-1,-1,-1
20170305,8,15,15,5,4,3,15,-1,5,-1,-1,-1,15,15,15,15,15,-1,42,-1,-1,-1
20170306,8,15,15,5,4,3,15,-1,5,-1,-1,-1,15,15,15,15,15,-1,42,-1,-1,-1
20170307,8,15,15,5,4,3,15,-1,5,-1,-1,-1,15,15,15,15,15,-1,42,-1,-1,-1
20170308,8,15,15,5,4,3,15,-1,5,-1,-1,-1,15,15,15,15,15,-1,42,-1,-1,-1
20170309,8,15,15,5,4,3,15,-1,5,-1,-1,-1,15,15,15,15,15,-1,42,-1,-1,-1
20170310,8,15,15,5,4,3,15,-1,5,-1,-1,-1,15,15,15,15,15,-1,42,-1,-1,-1
20170311,8,15,15,5,4,3,15,-1,5,-1,-1,-1,15,15,15,15,15,-1,42,-1,-1,-1
20170312,8,-1,15,5,4,3,15,-1,5,-1,-1,-1,15,15,15,15,15,-1,42,-1,-1,-1
20170313,8,-1,15,5,4,3,15,-1,5,-1,-1,-1,15,15,15,15,15,-1,42,-1,-1,-1
20170314,8,15,15,5,4,3,15,-1,5,-1,-1,-1,15,15,15,15,15,-1,42,-1,-1,-1
20170315,8,-1,15,5,4,3,15,-1,5,-1,-1,-1,15,15,15,15,15,-1,42,-1,-1,-1
20170316,8,15,15,5,4,3,15,-1,5,-1,-1,-1,15,15,15,15,15,-1,42,-1,-1,-1
20170317,8,15,15,5,4,3,15,-1,5,-1,-1,-1,15,15,15,15,15,-1,42,-1,-1,-1
20170318,8,15,15,5,4,3,15,-1,5,-1,-1,-1,15,15,15,15,15,-1,42,-1,-1,-1
20170319,8,15,15,5,4,3,15,-1,5,-1,-1,-1,15,15,15,15,15,-1,42,-1,-1,-1
20170320,8,15,15,5,4,3,15,-1,5,-1,-1,-1,15,15,15,15,15,-1,42,-1,-1,-1
20170321,8,15,15,5,4,3,15,-1,5,-1,-1,-1,15,15,15,15,15,-1,42,-1,-1,-1
20170322,8,15,15,5,4,3,15,-1,5,-1,-1,-1,15,15,15,15,15,-1,42,-1,-1,-1
20170323,8,15,15,5,4,3,-1,-1,5,-1,-1,-1,15,15,15,15,15,-1,42,-1,-1,-1
20170324,8,15,15,5,4,3,15,-1,5,-1,-1,-1,15,15,15,15,15,-1,42,-1,-1,-1
20170325,8,15,15,5,4,3,15,-1,5,-1,-1,-1,15,15,15,15,15,-1,42,-1,-1,-1
20170326,8,15,15,5,4,3,15,-1,5,-1,-1,-1,15,15,15,15,15,-1,42,-1,-1,-1
20170327,8,15,15,5,4,3,15,-1,5,-1,-1,-1,15,15,15,15,15,-1,42,-1,-1,-1
20170328,8,15,15,5,4,3,15,-1,5,-1,-1,-1,15,15,15,15,15,-1,42,-1,-1,-1
20170329,8,15,15,5,4,3,15,-1,5,-1,-1,-1,15,15,15,15,15,-1,42,-1,-1,-1
20170330,8,-1,15,5,4,3,15,-1,5,-1,-1,-1,15,15,15,15,15,-1,42,-1,-1,-1
20170331,8,15,15,5,4,3,15,-1,5,-1,-1,-1,15,15,15,15,15,-1,42,-1,-1,-1
20170401,8,15,15,5,4,3,15,-1,5,-1,-1,-1,15,15,15,15,15,-1,42,-1,-1,-1
20170402,8,15,15,5,4,3,15,-1,5,-1,-1,-1,15,15,15,15,15,-1,42,-1,-1,-1
20170403,8,15,15,5,4,3,15,-1,5,-1,-1,-1,15,15,15,15,15,-1,42,-1,-1,-1
20170404,8,15,15,5,4,3,15,-1,5,-1,-1,-1,15,-1,15,15,15,-1,42,-1,-1,-1
20170405,8,15,15,5,4,3,15,-1,5,-1,-1,-1,15,15,15,15,15,-1,42,-1,-1,-1
20170406,8,15,15,5,4,3,15,-1,5,-1,-1,-1,15,15,15,15,15,-1,42,-1,-1,-1
20170407,8,15,15,5,4,3,15,-1,5,-1,-1,-1,15,15,15,15,15,-1,42,-1,-1,-1
20170408,8,15,15,5,4,3,15,-1,5,-1,-1,-1,15,15,15,15,15,-1,42,-1,-1,-1
20170409,8,15,15,5,4,3,15,-1,5,-1,-1,-1,15,15,15,15,15,-1,42,-1,-1,-1
20170410,8,15,15,5,4,-1,15,-1,5,-1,-1,-1,15,15,15,15,15,-1,42,-1,-1,-1
20170411,8,15,15,5,4,3,15,-1,5,-1,-1,-1,15,15,15,15,15,-1,42,-1,-1,-1
20170412,8,15,15,5,4,3,-1,-1,5,-1,-1,-1,15,15,15,15,15,-1,42,-1,-1,-1
20170413,8,15,15,5,4,3,15,-1,5,-1,-1,-1,15,15,15,15,15,-1,42,-1,-1,-1
20170414,8,15,15,5,4,3,15,-1,5,-1,-1,-1,15,15,15,15,15,-1,42,-1,-1,-1
20170415,8,15,15,5,4,3,15,-1,5,-1,-1,-1,15,15,15,15,15,-1,42,-1,-1,-1
20170416,8,15,15,5,4,3,15,-1,5,-1,-1,-1,15,15,15,15,15,-1,42,-1,-1,-1
20170417,8,15,15,5,4,3,15,-1,5,-1,-1,-1,15,15,15,15,15,-1,42,-1,-1,-1
20170418,8,15,15,5,4,3,15,-1,5,-1,-1,-1,15,15,15,15,15,-1,42,-1,-1,-1
20170419,8,15,15,5,4,3,15,-1,5,-1,-1,-1,15,15,15,15,15,-1,42,-1,-1,-1
20170420,8,15,15,5,4,3,15,-1,5,-1,-1,-1,15,15,15,15,15,-1,42,-1,-1,-1
20170421,8,15,15,5,4,3,15,-1,5,-1,-1,-1,15,15,15,15,15,-1,42,-1,-1,-1
20170422,8,15,15,5,4,3,15,-1,5,-1,-1,-1,15,15,15,15,15,-1,42,-1,-1,-1
20170423,8,15,15,5,4,3,15,-1,5,-1,-1,-1,15,15,15,15,15,-1,42,-1,-1,-1
20170424,8,15,15,5,4,3,15,-1,5,-1,-1,-1,15,15,15,15,15,-1,42,-1,-1,-1
20170425,8,15,15,5,4,3,15,-1,-1,-1,-1,-1,15,15,15,15,15,-1,42,-1,-1,-1
20170426,8,15,15,5,4,3,15,-1,5,-1,-1,-1,15,15,15,15,15,-1,42,-1,-1,-1
20170427,8,15,15,5,4,3,15,-1,5,-1,-1,-1,15,15,15,15,15,-1,42,-1,-1,-1
20170428,8,15,15,5,4,3,15,-1,5,-1,-1,-1,15,15,15,15,15,-1,42,-1,-1,-1
20170429,8,15,15,5,4,3,15,-1,5,-1,-1,-1,15,15,15,15,15,-1,42,-1,-1,-1
20170430,8,15,15,5,4,3,15,-1,5,-1,-1,-1,15,15,15,15,15,-1,42,-1,-1,-1
20170501,8,15,15,5,4,3,15,-1,5,-1,-1,-1,15,15,15,15,15,-1,42,-1,-1,-1
20170502,8,15,15,5,4,3,15,-1,5,-1,-1,-1,15,15,15,15,15,-1,42,-1,-1,-1
20170503,8,15,15,5,4,3,15,-1,5,-1,-1,-1,15,15,15,15,15,-1,42,-1,-1,-1
20170504,8,15,15,5,4,3,-1,-1,5,-1,16,-1,15,15,15,15,15,-1,42,-1,-1,-1
20170505,8,15,15,5,4,3,-1,-1,5,-1,16,-1,15,15,15,15,15,-1,42,-1,-1,-1
20170506,8,15,15,5,4,3,15,-1,5,-1,16,-1,15,15,15,15,15,-1,42,-1,-1,-1
20170507,8,15,15,5,4,3,15,-1,5,-1,16,-1,15,15,15,15,15,-1,42,-1,-1,-1
20170508,8,-1,15,5,4,3,15,-1,5,-1,16,-1,15,15,15,15,15,-1,42,-1,-1,-1
20170509,8,15,15,5,4,3,15,-1,5,-1,16,-1,15,15,15,15,15,-1,42,-1,-1,-1
20170510,8,15,15,5,-1,3,15,-1,5,-1,16,-1,15,15,15,15,15,-1,42,-1,-1,-1
20170511,8,15,15,5,4,3,15,-1,5,-1,16,-1,15,15,15,15,15,-1,42,-1,-1,-1
20170512,8,15,15,5,4,3,15,-1,5,-1,16,-1,15,15,15,15,15,-1,42,-1,-1,-1
20170513,8,15,15,5,4,3,15,-1,5,-1,16,-1,15,15,15,15,15,-1,42,-1,-1,-1
20170514,8,15,15,5,4,3,15,-1,5,-1,16,-1,15,15,15,15,15,-1,42,-1,-1,-1
20170515,8,15,15,5,4,3,15,-1,5,-1,16,-1,15,15,15,15,15,-1,42,-1,-1,-1
20170516,8,15,15,5,4,3,15,-1,5,-1,16,-1,15,15,15,15,15,-1,42,9,-1,-1
20170517,8,15,15,5,4,3,15,-1,5,-1,16,-1,15,15,15,15,15,-1,42,9,-1,-1
20170518,8,15,15,5,4,3,15,-1,5,-1,16,-1,15,15,15,15,15,-1,42,9,-1,-1
20170519,8,15,15,5,4,3,-1,-1,5,-1,16,-1,15,15,15,15,15,-1,42,9,-1,-1
20170520,8,15,15,5,4,3,15,-1,5,-1,16,-1,15,15,15,15,15,-1,42,9,-1,-1
20170521,8,15,15,5,4,3,15,-1,5,-1,16,-1,15,15,15,15,15,-1,42,9,-1,-1
20170522,8,15,15,5,4,3,15,-1,5,-1,16,-1,15,15,15,15,15,-1,42,9,-1,-1
20170523,8,15,15,5,4,3,15,-1,5,-1,16,-1,15,15,15,15,15,-1,42,9,-1,-1
20170524,8,15,15,5,4,3,15,-1,5,-1,16,-1,15,15,15,15,15,-1,42,9,-1,-1
20170525,8,15,15,5,4,3,15,-1,5,-1,16,-1,15,15,15,15,15,-1,42,9,-1,-1
20170526,8,15,15,5,4,3,15,-1,5,-1,16,-1,15,15,15,15,15,-1,42,9,-1,-1
20170527,8,15,15,5,4,3,15,-1,5,-1,16,-1,15,15,15,15,15,-1,42,9,-1,-1
20170528,8,15,15,5,4,3,15,-1,5,-1,16,-1,15,15,15,15,15,-1,42,9,-1,-1
20170529,8,15,15,5,4,3,15,-1,5,-1,16,-1,15,15,15,15,15,-1,42,9,-1,-1
20170530,8,15,15,5,4,3,15,-1,5,-1,16,-1,15,15,15,15,15,-1,42,9,-1,-1
20170531,8,15,15,5,4,3,15,-1,5,-1,16,-1,15,15,15,15,15,-1,42,9,-1,-1
20170601,8,15,15,5,4,3,15,-1,5,-1,16,-1,15,15,15,15,15,-1,42,9,-1,-1
20170602,8,15,15,5,4,3,15,-1,-1,-1,16,-1,15,15,15,15,15,-1,42,9,-1,-1
20170603,8,15,15,5,4,3,15,-1,-1,-1,16,-1,15,15,15,15,15,-1,42,9,-1,-1
20170604,8,15,15,5,4,3,15,-1,5,-1,16,-1,15,15,15,15,15,-1,42,9,-1,-1
20170605,8,15,15,5,4,3,15,-1,5,-1,16,-1,15,15,15,15,15,-1,42,9,-1,-1
20170606,8,15,15,5,4,3,15,-1,5,-1,16,-1,15,15,15,15,15,-1,42,9,-1,-1
20170607,8,15,15,5,4,3,15,-1,5,-1,16,-1,15,15,15,15,15,-1,42,9,-1,-1
20170608,8,15,15,5,4,3,15,-1,5,-1,16,-1,15,15,15,15,15,-1,42,9,-1,-1
20170609,8,15,15,5,4,3,15,-1,5,-1,16,-1,15,15,15,15,15,-1,42,9,-1,-1
20170610,8,15,15,5,4,3,15,-1,5,-1,16,-1,15,15,15,15,15,-1,42,9,-1,-1
20170611,8,15,15,5,4,3,15,-1,5,-1,16,-1,15,15,15,15,15,-1,42,9,-1,-1
20170612,8,15,15,5,4,3,15,-1,5,-1,16,-1,15,15,15,15,15,-1,42,9,-1,-1
20170613,8,15,15,5,4,3,15,-1,5,-1,16,-1,15,15,15,15,15,-1,42,9,-1,-1
20170614,8,15,15,5,4,3,15,-1,5,-1,16,-1,15,15,15,15,15,-1,42,9,-1,-1
20170615,8,15,15,5,4,3,15,-1,5,-1,16,-1,15,15,15,15,15,-1,42,9,-1,-1
20170616,8,15,15,5,4,3,15,-1,5,-1,16,-1,15,15,15,15,15,-1,42,9,-1,-1
20170617,8,15,15,5,4,3,15,-1,5,-1,16,-1,15,15,15,15,15,-1,42,9,-1,-1
20170618,8,15,15,5,4,3,15,-1,5,-1,16,-1,15,15,15,15,15,-1,42,9,-1,-1
20170619,8,15,15,5,4,3,15,-1,5,-1,16,-1,15,15,15,15,15,-1,42,9,-1,-1
20170620,8,15,15,5,4,3,15,-1,5,-1,16,-1,15,15,15,15,15,-1,42,9,-1,-1
20170621,8,15,15,5,4,3,15,-1,5,-1,16,-1,15,15,15,15,15,-1,42,9,-1,-1
20170622,8,15,15,5,4,3,15,-1,5,-1,16,-1,15,15,15,15,15,-1,42,9,-1,-1
20170623,8,15,15,5,4,3,15,-1,5,-1,16,-1,15,15,15,15,15,-1,42,9,-1,-1
20170624,8,15,15,5,4,3,15,-1,5,-1,16,-1,15,15,15,15,15,-1,42,9,-1,-1
20170625,8,15,15,5,4,3,15,-1,5,-1,16,-1,15,15,15,15,15,-1,42,9,-1,-1
20170626,8,15,15,5,4,3,15,-1,5,-1,16,-1,15,15,15,15,15,-1,42,9,-1,-1
20170627,8,15,15,5,4,3,15,-1,5,-1,16,-1,15,15,15,15,15,-1,42,9,-1,-1
20170628,8,15,15,5,4,3,15,-1,5,-1,16,-1,15,15,15,15,15,-1,42,9,-1,-1
20170629,8,15,15,5,4,3,15,-1,5,-1,16,-1,15,15,15,15,15,-1,42,9,-1,-1
20170630,8,15,15,-1,4,3,15,-1,5,-1,16,-1,15,15,15,15,15,-1,42,9,-1,-1
20170701,8,15,15,5,4,3,15,-1,5,-1,16,-1,15,15,15,15,15,-1,42,9,-1,-1
20170702,8,15,15,5,4,3,15,-1,5,-1,16,-1,15,15,15,15,15,-1,42,9,-1,-1
20170703,8,15,15,5,4,3,15,-1,5,-1,16,-1,15,15,15,15,15,-1,42,9,-1,-1
20170704,8,15,15,5,4,3,15,-1,5,-1,16,-1,15,15,15,15,15,-1,42,9,-1,-1
20170705,8,15,15,5,4,3,15,-1,5,-1,16,-1,15,15,15,15,15,-1,42,9,-1,-1
20170706,8,15,15,5,4,3,15,-1,5,-1,16,-1,15,15,15,15,15,-1,42,9,-1,-1
20170707,8,15,15,5,4,3,15,-1,5,-1,16,-1,15,15,15,15,15,-1,42,9,-1,-1
20170708,8,15,15,5,4,3,15,-1,5,-1,16,-1,15,15,15,15,15,-1,42,9,-1,-1
20170709,8,15,15,5,4,3,15,-1,5,-1,16,-1,15,15,15,15,15,-1,42,9,-1,-1
20170710,8,15,15,5,4,3,15,-1,5,-1,16,-1,15,15,15,15,15,-1,42,9,-1,-1
20170711,8,15,15,5,4,3,15,-1,5,-1,16,-1,15,15,15,15,15,-1,42,9,-1,-1
20170712,8,15,15,5,4,3,15,-1,5,-1,16,-1,15,15,15,15,15,-1,42,9,-1,-1
20170713,8,15,15,5,4,3,15,-1,5,-1,16,-1,15,15,15,15,15,-1,42,9,-1,-1
20170714,8,15,15,5,4,3,15,-1,5,-1,16,-1,15,15,15,15,15,-1,42,9,-1,-1
20170715,8,15,15,5,4,3,15,-1,5,-1,16,-1,15,15,15,15,15,-1,42,9,-1,-1
20170716,8,15,15,5,4,3,15,-1,5,-1,16,-1,15,15,15,15,15,-1,42,9,-1,-1
20170717,8,15,15,5,4,3,15,-1,5,-1,16,-1,15,15,15,15,15,-1,42,-1,-1,-1
20170718,8,15,15,5,4,3,15,-1,5,-1,16,-1,15,15,15,15,15,-1,42,9,-1,-1
20170719,8,15,15,5,4,3,15,-1,5,-1,16,-1,15,15,15,15,15,-1,42,-1,-1,-1
20170720,8,15,15,5,4,3,15,-1,5,-1,16,-1,15,15,15,15,15,-1,42,9,-1,-1
20170721,8,15,15,5,4,3,15,-1,5,-1,16,-1,15,15,15,15,15,-1,42,9,-1,-1
20170722,8,15,15,5,4,3,15,-1,5,-1,16,-1,15,15,15,15,15,-1,42,9,-1,-1
20170723,8,15,15,5,4,3,15,-1,5,-1,16,-1,15,15,15,15,15,-1,42,9,-1,-1
20170724,8,15,15,5,4,3,15,-1,5,-1,16,-1,15,15,15,15,15,-1,42,9,-1,-1
20170725,8,15,15,5,4,3,15,-1,5,-1,16,-1,15,15,15,15,15,-1,42,9,-1,-1
20170726,8,15,15,5,4,3,15,-1,5,-1,16,-1,15,15,15,15,15,-1,42,9,-1,-1
20170727,8,15,15,5,4,3,15,-1,5,-1,16,-1,15,15,15,15,15,-1,42,9,-1,-1
20170728,8,15,15,5,4,3,15,-1,5,-1,16,-1,15,15,15,15,15,-1,42,9,-1,-1
20170729,8,15,15,5,4,3,15,-1,5,-1,16,-1,15,15,15,15,15,-1,42,9,-1,-1
20170730,8,15,15,5,4,3,15,-1,5,-1,16,-1,15,15,15,15,15,-1,42,9,-1,-1
20170731,8,15,15,5,4,3,15,-1,5,-1,16,-1,15,15,15,15,15,-1,42,9,-1,-1
20170801,8,15,15,5,4,3,15,-1,5,-1,16,-1,15,15,15,15,15,-1,42,9,-1,-1
20170802,8,15,15,5,4,3,15,-1,5,-1,16,-1,15,15,15,15,15,-1,42,9,-1,-1
20170803,8,15,15,5,4,3,15,-1,5,-1,16,-1,15,15,15,15,15,-1,42,9,-1,-1
20170804,8,15,15,5,4,3,15,-1,5,-1,16,-1,15,15,15,15,15,-1,42,9,-1,-1
20170805,8,15,15,5,4,3,15,-1,5,-1,16,-1,15,15,15,15,15,-1,42,9,-1,-1
20170806,8,15,15,5,4,3,15,-1,5,-1,16,-1,15,15,15,15,15,-1,42,9,-1,-1
20170807,8,15,15,5,4,3,15,-1,5,-1,16,-1,15,15,15,15,15,-1,42,9,-1,-1
20170808,8,15,15,5,4,3,15,-1,5,-1,16,-1,15,15,15,15,15,-1,42,9,-1,-1
20170809,8,15,15,5,4,3,15,-1,5,-1,16,-1,15,15,15,15,15,-1,42,9,-1,-1
20170810,8,15,15,5,4,3,15,-1,5,-1,16,-1,15,15,15,15,15,-1,42,9,-1,-1
20170811,8,15,15,5,4,3,15,-1,5,-1,16,-1,15,15,15,15,15,-1,42,9,-1,-1
20170812,8,15,15,5,4,3,15,-1,5,-1,16,-1,15,15,15,15,15,-1,42,9,-1,-1
20170813,8,15,15,5,4,3,15,-1,5,-1,16,-1,15,15,15,15,15,-1,42,9,-1,-1
20170814,8,15,15,5,4,3,15,-1,5,-1,16,-1,15,15,15,15,15,-1,42,9,-1,-1
20170815,8,15,15,5,4,3,15,-1,5,-1,16,-1,15,15,15,15,15,-1,42,9,-1,-1
20170816,8,15,15,5,4,3,15,-1,5,-1,16,-1,15,15,15,15,15,-1,42,9,-1,-1
20170817,8,15,15,5,4,3,15,-1,5,-1,16,-1,15,15,15,15,15,-1,42,9,-1,-1
20170818,8,15,15,5,4,3,15,-1,5,-1,16,-1,15,15,15,15,15,-1,42,9,-1,-1
20170819,8,15,15,5,4,3,15,-1,5,-1,16,-1,15,15,15,15,15,-1,42,9,-1,-1
20170820,8,15,15,5,4,3,15,-1,5,-1,16,-1,15,15,15,15,15,-1,42,9,-1,-1
20170821,8,15,15,5,4,3,15,-1,5,-1,16,-1,15,15,15,15,15,-1,42,9,-1,-1
20170822,8,15,15,5,4,3,15,-1,5,-1,16,-1,15,15,15,15,15,-1,42,9,-1,-1
20170823,8,15,15,5,4,3,15,-1,5,-1,16,-1,15,15,15,15,15,-1,42,9,-1,-1
20170824,8,-1,15,5,4,3,15,-1,5,-1,16,-1,15,15,15,15,15,-1,42,9,-1,-1
20170825,8,15,15,5,4,3,15,-1,5,-1,16,-1,15,15,15,15,15,-1,42,9,-1,-1
20170826,8,15,15,5,4,3,15,-1,5,-1,16,-1,15,15,15,15,15,-1,42,9,-1,-1
20170827,8,15,15,5,4,3,15,-1,5,-1,16,-1,15,15,15,15,15,-1,42,9,-1,-1
20170828,8,15,15,5,4,3,15,-1,5,-1,16,-1,15,15,15,15,15,-1,42,9,-1,-1
20170829,8,15,15,5,4,3,15,-1,5,-1,16,-1,15,15,15,15,15,-1,42,9,-1,-1
20170830,8,15,15,5,4,3,15,-1,5,-1,16,-1,15,15,15,15,15,-1,42,9,-1,-1
20170831,8,15,15,5,4,3,15,-1,5,-1,16,-1,15,15,15,15,15,-1,42,9,-1,-1
